TransactionAmount,CustomerAge,TransactionDuration,AccountBalance,TransactionType,Channel,CustomerOccupation,Cluster
14.089999999999975,70.0,81.0,5112.21,Debit,ATM,Doctor,2
376.24,68.0,141.0,13758.91,Debit,ATM,Doctor,2
126.29000000000002,19.0,56.0,1122.35,Debit,Online,Student,1
184.5,26.0,25.0,8569.06,Debit,Online,Student,0
13.449999999999989,26.0,198.0,7429.4,Credit,Online,Student,1
92.15,18.0,172.0,781.6800000000003,Debit,ATM,Student,1
7.079999999999984,37.0,139.0,13316.71,Credit,ATM,Doctor,2
171.42,67.0,291.0,2796.24,Credit,Branch,Retired,3
106.23000000000002,51.0,86.0,9095.14,Credit,Branch,Engineer,0
815.96,55.0,120.0,1021.8799999999997,Debit,ATM,Doctor,3
17.78000000000003,52.0,59.0,7599.52,Credit,Online,Engineer,0
190.02,21.0,173.0,1528.81,Debit,Online,Student,1
494.52,24.0,111.0,1620.02,Credit,Branch,Student,1
781.76,26.0,123.0,189.6899999999996,Debit,ATM,Student,1
166.99,18.0,134.0,299.9300000000003,Debit,Online,Student,1
465.45,36.0,129.0,3465.54,Debit,ATM,Engineer,3
555.8,19.0,158.0,1131.2600000000002,Credit,Branch,Student,1
492.93,39.0,234.0,5109.97,Debit,Online,Engineer,3
18.680000000000007,59.0,106.0,7948.37,Credit,Branch,Retired,0
71.48000000000002,18.0,169.0,6568.59,Credit,Online,Student,1
59.31999999999999,71.0,38.0,5750.89,Debit,Branch,Retired,0
85.76999999999998,38.0,93.0,9146.19,Debit,Branch,Doctor,2
52.19999999999999,39.0,120.0,8974.93,Debit,Online,Engineer,0
345.84,22.0,142.0,1402.5,Debit,Online,Student,1
145.54,21.0,96.0,1930.96,Debit,Online,Student,1
7.490000000000009,65.0,276.0,3634.67,Credit,Online,Retired,3
246.93,23.0,158.0,673.3500000000004,Debit,ATM,Student,1
40.31999999999999,37.0,95.0,2686.52,Debit,Branch,Engineer,0
127.44999999999999,44.0,197.0,1772.06,Debit,Online,Doctor,3
56.170000000000016,27.0,283.0,1351.69,Debit,Branch,Student,1
28.310000000000002,59.0,20.0,8334.47,Credit,Online,Doctor,2
59.120000000000005,29.0,257.0,9823.64,Debit,ATM,Doctor,3
396.45,49.0,168.0,9690.15,Debit,ATM,Engineer,3
877.81,22.0,150.0,399.0,Debit,Online,Student,1
255.26,45.0,50.0,14815.87,Credit,Branch,Doctor,2
124.75999999999999,49.0,45.0,5764.72,Debit,Branch,Engineer,0
78.13,26.0,145.0,900.6099999999997,Debit,Branch,Student,1
649.28,75.0,137.0,4875.86,Debit,ATM,Retired,3
795.31,66.0,90.0,7914.88,Debit,ATM,Doctor,2
335.63,55.0,216.0,1019.3899999999999,Debit,Online,Retired,3
328.47,63.0,119.0,4323.66,Debit,ATM,Retired,0
34.02000000000001,38.0,19.0,14214.48,Debit,Online,Doctor,2
241.42,57.0,116.0,13357.02,Credit,Online,Doctor,2
55.31999999999999,19.0,117.0,241.78999999999996,Debit,ATM,Student,1
304.31,27.0,33.0,868.6099999999997,Debit,Branch,Student,1
435.27,74.0,90.0,4673.28,Debit,Branch,Retired,0
164.49,26.0,75.0,1509.27,Debit,Branch,Student,1
510.24,19.0,105.0,781.6999999999998,Debit,Online,Student,1
626.9,26.0,138.0,265.5100000000002,Debit,Online,Student,1
22.00999999999999,41.0,175.0,1335.0900000000001,Credit,Online,Engineer,0
425.34,69.0,121.0,3907.54,Credit,Online,Retired,0
424.56,51.0,264.0,5183.85,Debit,Online,Engineer,3
85.43,67.0,145.0,14904.9,Debit,Branch,Doctor,2
169.5,28.0,142.0,918.8800000000001,Debit,Branch,Student,1
104.63,62.0,90.0,4477.78,Debit,ATM,Retired,0
316.95,25.0,83.0,1324.0299999999997,Debit,Branch,Student,1
60.53999999999999,57.0,52.0,3534.93,Credit,Branch,Retired,0
292.56,68.0,61.0,4638.37,Credit,Branch,Retired,0
386.52,48.0,28.0,5630.61,Debit,Branch,Engineer,0
112.07,23.0,51.0,930.3000000000002,Debit,Branch,Student,1
568.52,46.0,152.0,5499.91,Debit,ATM,Engineer,3
263.99,79.0,227.0,4175.02,Debit,Branch,Retired,3
349.64,48.0,226.0,6651.62,Debit,Online,Engineer,3
601.4,56.0,104.0,8458.29,Credit,Branch,Engineer,3
5.769999999999982,50.0,124.0,13988.12,Debit,Online,Doctor,2
201.33,42.0,186.0,2585.07,Credit,Branch,Engineer,3
298.42,56.0,225.0,3014.75,Debit,Branch,Retired,3
521.06,25.0,128.0,1951.42,Debit,Branch,Student,1
117.28,60.0,16.0,3665.77,Credit,Online,Engineer,0
189.12,32.0,103.0,977.0100000000002,Credit,Branch,Engineer,0
133.55,44.0,220.0,3846.28,Debit,ATM,Engineer,3
143.21,35.0,135.0,6374.82,Debit,Online,Engineer,0
24.769999999999982,62.0,55.0,5866.01,Debit,ATM,Retired,0
233.92,26.0,280.0,6537.62,Credit,Online,Student,3
913.49125,20.0,24.0,605.9499999999998,Debit,Branch,Student,1
232.12,37.0,51.0,6689.87,Debit,ATM,Engineer,0
162.63,22.0,113.0,634.1700000000001,Debit,Online,Student,1
91.53,44.0,69.0,14676.05,Debit,Branch,Doctor,2
120.29000000000002,19.0,77.0,1362.3900000000003,Debit,Branch,Student,1
174.25,50.0,67.0,10528.34,Debit,Online,Doctor,2
183.71,38.0,102.0,552.5200000000004,Debit,ATM,Engineer,0
345.39,58.0,80.0,6451.96,Credit,Online,Engineer,0
913.49125,63.0,87.0,4715.84,Debit,ATM,Retired,3
259.91,49.0,170.0,7176.86,Debit,Online,Doctor,2
154.71,34.0,157.0,1523.7200000000003,Debit,Online,Doctor,3
913.49125,54.0,30.0,8654.28,Credit,Online,Engineer,2
24.560000000000002,64.0,69.0,9869.93,Debit,Branch,Doctor,2
568.07,48.0,115.0,10556.81,Debit,ATM,Doctor,2
9.610000000000014,58.0,179.0,12883.91,Credit,Online,Doctor,2
392.96,24.0,100.0,791.6499999999996,Debit,Online,Student,1
716.93,60.0,34.0,4064.02,Credit,Online,Retired,0
223.85,53.0,55.0,2929.91,Debit,ATM,Engineer,0
230.66,21.0,135.0,618.0500000000002,Debit,Branch,Student,1
442.12,19.0,260.0,1375.8000000000002,Debit,Online,Student,1
644.17,29.0,72.0,1143.52,Debit,ATM,Engineer,0
508.68,51.0,127.0,7708.41,Credit,Branch,Engineer,3
858.6300000000001,27.0,185.0,1872.96,Credit,Branch,Student,1
25.360000000000014,57.0,78.0,201.03999999999996,Debit,ATM,Engineer,0
147.62,71.0,133.0,2115.8,Debit,Branch,Retired,0
115.01999999999998,37.0,175.0,7643.66,Debit,Branch,Doctor,2
383.37,30.0,24.0,8901.93,Debit,Branch,Engineer,0
98.54000000000002,20.0,167.0,9383.43,Credit,Online,Student,1
83.24000000000001,55.0,164.0,1181.31,Credit,Branch,Doctor,0
196.16,27.0,146.0,9418.86,Debit,Branch,Engineer,3
129.94,32.0,235.0,7954.92,Debit,ATM,Engineer,3
306.9,46.0,51.0,9418.08,Debit,Online,Engineer,0
114.98000000000002,59.0,80.0,6144.68,Debit,Online,Retired,0
756.59,27.0,17.0,420.64999999999964,Debit,Branch,Student,1
503.76,22.0,35.0,447.8199999999997,Debit,Online,Student,1
143.03,63.0,147.0,7981.45,Debit,ATM,Retired,0
913.49125,53.0,73.0,1829.9,Debit,ATM,Retired,3
245.54,25.0,180.0,985.0599999999995,Debit,ATM,Student,1
254.37,51.0,174.0,8849.26,Credit,Online,Engineer,3
213.76,78.0,282.0,3528.72,Credit,ATM,Retired,3
327.86,40.0,104.0,480.15999999999985,Debit,Online,Engineer,0
2.5,47.0,107.0,12145.27,Debit,Online,Doctor,2
300.08,68.0,47.0,13546.75,Credit,Online,Doctor,2
56.97999999999999,43.0,122.0,5688.37,Credit,ATM,Engineer,0
407.65,26.0,62.0,8346.64,Debit,Online,Engineer,0
115.82999999999998,39.0,167.0,6481.04,Debit,Branch,Engineer,3
53.56999999999999,69.0,121.0,1651.33,Debit,ATM,Retired,0
63.34,46.0,165.0,11174.94,Credit,Online,Doctor,2
317.87,27.0,91.0,145.5,Debit,Online,Student,1
331.65,41.0,61.0,4172.57,Debit,Online,Engineer,0
5.0400000000000205,56.0,41.0,5558.36,Debit,ATM,Retired,0
214.54,70.0,247.0,11151.53,Credit,Online,Doctor,2
598.81,57.0,158.0,1415.52,Debit,Branch,Doctor,3
841.28,26.0,80.0,1103.6400000000008,Debit,Online,Student,1
38.150000000000006,26.0,108.0,303.6800000000003,Debit,Online,Student,1
913.49125,58.0,144.0,5541.57,Debit,Branch,Doctor,3
124.72,33.0,105.0,6309.8,Debit,Branch,Engineer,0
302.45,78.0,40.000000000000014,5133.61,Credit,Branch,Retired,0
208.04,47.0,273.0,9344.98,Debit,Online,Engineer,3
5.769999999999982,23.0,254.0,1117.9700000000003,Credit,Branch,Student,1
381.33,56.0,75.0,11835.35,Debit,ATM,Doctor,2
16.160000000000025,50.0,124.0,14401.17,Debit,ATM,Doctor,2
486.08,18.0,68.0,1748.69,Debit,Online,Student,1
336.39,21.0,18.0,1000.46,Debit,Branch,Student,1
913.49125,69.0,118.0,6810.05,Debit,Online,Doctor,2
234.57,23.0,120.0,263.97999999999956,Debit,Online,Student,1
6.0,30.0,246.0,5442.76,Debit,Online,Doctor,3
913.49125,80.0,20.999999999999986,2037.85,Debit,ATM,Retired,0
227.14,18.0,294.0,341.9399999999996,Debit,ATM,Student,1
233.74,66.0,17.0,1066.5900000000001,Credit,Online,Retired,0
113.01999999999998,69.0,166.0,6077.96,Credit,Branch,Retired,0
45.849999999999994,20.0,92.0,1659.15,Debit,ATM,Student,1
913.49125,77.0,296.0,2042.2200000000003,Debit,Branch,Retired,3
514.95,41.0,142.0,421.9300000000003,Debit,Online,Doctor,3
415.5,66.0,141.0,10113.66,Debit,ATM,Doctor,2
265.76,54.0,92.0,4446.17,Debit,Online,Retired,0
69.4,80.0,113.0,6452.77,Debit,Online,Retired,0
332.93,35.0,293.0,2788.2,Credit,Branch,Engineer,3
267.9,20.0,160.0,596.1599999999999,Debit,Online,Student,1
496.03,61.0,265.0,12904.66,Debit,Branch,Doctor,3
376.26,37.0,245.0,9062.4,Debit,ATM,Engineer,3
83.01999999999998,36.0,171.0,9009.56,Credit,Online,Engineer,3
93.25999999999999,20.0,72.0,1152.1999999999998,Credit,Online,Student,1
803.3700000000001,68.0,129.0,12168.37,Credit,Branch,Doctor,2
35.75999999999999,23.0,122.0,611.8599999999997,Debit,Branch,Student,1
28.53000000000003,62.0,99.0,8670.53,Debit,Online,Doctor,2
139.53,53.0,177.0,10098.86,Credit,Online,Doctor,2
307.57,33.0,285.0,5307.74,Debit,Branch,Doctor,3
60.650000000000006,56.0,53.0,1047.2799999999993,Credit,Branch,Retired,0
74.86000000000001,70.0,125.0,6921.48,Debit,Branch,Doctor,2
117.97,51.0,137.0,1475.46,Debit,Branch,Retired,0
231.91,34.0,165.0,112.76000000000022,Debit,ATM,Engineer,3
126.20999999999998,75.0,268.0,5669.66,Debit,Branch,Retired,3
506.28,53.0,162.0,1309.9499999999998,Credit,Online,Retired,3
304.35,31.0,36.0,4057.1,Debit,Branch,Engineer,0
281.85,22.0,109.0,1585.98,Debit,ATM,Student,1
777.88,31.0,17.0,6825.55,Debit,Branch,Engineer,0
119.18,56.0,96.0,5516.5,Debit,Branch,Retired,0
177.19,76.0,43.0,5343.3,Debit,Online,Retired,0
260.88,22.0,36.0,903.0500000000002,Debit,Branch,Student,1
169.47,24.0,19.0,1806.1599999999999,Debit,Online,Student,1
73.23000000000002,26.0,14.0,787.7399999999998,Debit,Branch,Student,1
913.49125,29.0,106.0,2429.68,Debit,ATM,Engineer,3
792.57,19.0,164.0,770.3699999999999,Debit,ATM,Student,1
237.06,71.0,46.0,1182.7700000000004,Debit,Online,Retired,0
34.170000000000016,54.0,54.0,726.5500000000002,Credit,Online,Engineer,0
740.25,41.0,123.0,14464.3,Debit,Online,Doctor,2
453.54,58.0,82.0,12046.3,Debit,ATM,Doctor,2
300.47,73.0,100.0,7885.64,Debit,Branch,Retired,0
110.93,19.0,201.0,1952.35,Credit,Branch,Student,1
201.69,59.0,299.0,7328.52,Debit,ATM,Doctor,3
399.21,59.0,109.0,3210.39,Debit,ATM,Engineer,0
913.49125,78.0,57.0,5726.2,Debit,Online,Retired,3
630.36,62.0,52.0,1363.65,Debit,ATM,Retired,0
10.939999999999998,60.0,245.0,1241.9899999999998,Credit,ATM,Engineer,3
215.9,38.0,235.0,7873.28,Debit,ATM,Doctor,3
913.49125,79.0,165.0,5674.32,Debit,Branch,Retired,3
226.37,49.0,141.0,9840.04,Credit,Branch,Doctor,2
444.89,43.0,101.0,10328.23,Credit,Branch,Doctor,2
280.57,25.0,24.0,293.2399999999998,Credit,Online,Student,1
488.54,52.0,132.0,7486.63,Debit,Branch,Engineer,3
3.3000000000000114,50.0,131.0,11385.37,Credit,Branch,Doctor,2
199.39,69.0,165.0,7264.79,Debit,Branch,Retired,3
20.360000000000014,62.0,75.0,2762.48,Debit,Branch,Retired,0
113.63999999999999,62.0,32.0,6675.03,Debit,Online,Retired,0
493.11,53.0,236.0,7432.99,Debit,Branch,Retired,3
307.41,19.0,14.0,1057.0000000000005,Debit,ATM,Student,1
11.180000000000007,43.0,161.0,5956.89,Debit,Online,Doctor,2
313.82,59.0,151.0,7261.59,Debit,Branch,Engineer,3
51.0,64.0,107.0,4943.16,Debit,Branch,Retired,0
140.98,60.0,100.0,8127.48,Debit,Branch,Engineer,2
288.04,68.0,63.0,1748.02,Debit,ATM,Retired,0
800.55,31.0,108.0,9660.22,Debit,ATM,Engineer,3
485.54,46.0,143.0,6371.51,Debit,ATM,Engineer,3
521.15,54.0,214.0,9442.47,Debit,ATM,Doctor,3
321.79,63.0,61.0,5959.2,Credit,ATM,Retired,0
304.93,65.0,158.0,13531.22,Debit,ATM,Doctor,2
432.08,40.0,145.0,11500.62,Debit,ATM,Doctor,2
694.2,61.0,72.0,1389.37,Debit,ATM,Retired,0
116.86000000000001,55.0,171.0,6706.56,Debit,ATM,Engineer,3
386.81,57.0,149.0,7175.29,Credit,Online,Doctor,2
74.88,25.0,202.0,420.6700000000001,Debit,ATM,Student,1
195.76,75.0,99.0,7323.53,Debit,Branch,Retired,0
134.7,50.0,106.0,8395.85,Debit,ATM,Doctor,2
890.24,33.0,161.0,5140.93,Credit,Online,Engineer,3
361.27,63.0,180.0,7945.57,Debit,ATM,Doctor,2
131.56,44.0,42.0,5873.54,Debit,Branch,Doctor,0
485.51,76.0,37.0,3074.45,Credit,Online,Retired,0
547.87,64.0,131.0,6155.76,Debit,ATM,Retired,3
457.3,28.0,15.0,8318.29,Debit,Online,Engineer,0
506.24,58.0,64.0,230.09000000000015,Debit,ATM,Engineer,0
486.59,57.0,119.0,2513.56,Debit,Branch,Retired,3
163.68,41.0,292.0,10090.05,Debit,Branch,Doctor,3
581.65,22.0,176.0,480.1899999999996,Debit,ATM,Student,1
52.00999999999999,48.0,85.0,1120.88,Debit,ATM,Doctor,0
630.24,21.0,62.0,370.8100000000004,Debit,ATM,Student,1
523.74,43.0,159.0,13498.55,Debit,ATM,Doctor,2
705.6,40.0,124.0,14804.7,Debit,Branch,Doctor,2
217.5,46.0,35.0,3057.4,Credit,Branch,Engineer,0
91.48000000000002,51.0,141.0,14942.78,Debit,ATM,Doctor,2
5.25,39.0,49.0,14143.32,Debit,ATM,Doctor,2
54.03,56.0,161.0,6736.3,Credit,ATM,Retired,0
736.73,48.0,10.0,3313.07,Debit,Branch,Engineer,0
368.91,54.0,14.0,829.71,Debit,Branch,Doctor,0
33.06,53.0,170.0,1540.87,Credit,Online,Retired,0
66.5,32.0,144.0,6820.23,Credit,Online,Engineer,0
177.08,35.0,85.0,13475.14,Debit,Online,Doctor,2
588.54,32.0,130.0,714.4499999999998,Debit,Branch,Engineer,3
173.5,21.0,282.0,1306.9099999999999,Debit,ATM,Student,1
78.32999999999998,56.0,189.0,7255.33,Credit,Online,Engineer,3
40.66,59.0,156.0,1153.8400000000006,Debit,Branch,Retired,0
97.22,77.0,55.0,6647.73,Credit,Branch,Retired,0
34.06999999999999,22.0,81.0,8709.77,Debit,Branch,Student,0
492.06,23.0,74.0,857.8999999999996,Debit,Online,Student,1
842.01,53.0,185.0,509.4499999999998,Credit,Online,Doctor,3
73.55000000000001,51.0,158.0,2812.06,Debit,ATM,Engineer,0
760.53,57.0,118.0,6179.91,Debit,Online,Engineer,3
273.08,26.0,134.0,6609.3,Credit,Branch,Engineer,3
371.69,67.0,143.0,3484.32,Debit,Branch,Retired,3
218.96,18.0,13.000000000000014,754.21,Debit,ATM,Student,1
227.39,18.0,65.0,751.0900000000001,Debit,Online,Student,1
237.99,39.0,86.0,8510.09,Credit,Branch,Doctor,2
186.6,58.0,13.000000000000014,1508.7200000000003,Debit,Online,Doctor,0
341.15,18.0,148.0,511.3699999999999,Debit,Online,Student,1
434.58,59.0,215.0,12648.32,Debit,ATM,Doctor,2
312.88,54.0,44.0,233.21000000000004,Credit,Branch,Engineer,0
75.15,23.0,154.0,1092.92,Debit,ATM,Student,1
23.30000000000001,59.0,161.0,6711.15,Debit,ATM,Engineer,0
47.379999999999995,25.0,61.0,459.3699999999999,Credit,Online,Student,1
512.81,79.0,30.0,6994.34,Debit,Branch,Retired,0
488.15,43.0,168.0,7071.09,Debit,Branch,Engineer,3
12.819999999999993,44.0,156.0,9045.19,Debit,ATM,Engineer,0
66.9,79.0,129.0,5238.71,Credit,Online,Retired,0
535.91,43.0,22.0,9642.12,Debit,Online,Engineer,0
270.72,26.0,53.0,6263.96,Credit,Online,Engineer,0
97.98000000000002,72.0,18.0,7460.33,Debit,Branch,Retired,0
196.08,61.0,98.0,4233.82,Debit,Online,Retired,0
251.18,42.0,246.0,8303.9,Debit,ATM,Engineer,3
44.52000000000001,28.0,205.0,314.27999999999975,Debit,Online,Student,1
178.87,35.0,180.0,5241.23,Debit,Online,Doctor,3
913.49125,54.0,174.0,323.6899999999996,Credit,ATM,Engineer,3
386.68,46.0,128.0,6863.06,Debit,Branch,Doctor,2
167.14,76.0,20.0,3877.73,Debit,Online,Retired,0
345.22,69.0,253.0,4046.58,Debit,Branch,Retired,3
74.85,72.0,117.0,2409.73,Debit,ATM,Retired,0
671.73,58.0,54.0,5211.88,Debit,Branch,Engineer,0
255.04,45.0,152.0,6217.86,Debit,ATM,Engineer,3
45.77000000000001,25.0,109.0,5978.12,Debit,Online,Student,1
329.69,26.0,66.0,1671.6599999999999,Credit,Online,Student,1
362.04,58.0,198.0,8421.88,Credit,Branch,Doctor,2
11.920000000000016,53.0,52.0,14611.9,Debit,Branch,Doctor,2
47.420000000000016,64.0,28.0,8253.52,Debit,ATM,Doctor,2
35.99000000000001,63.0,129.0,4489.79,Debit,Branch,Retired,0
151.19,37.0,96.0,11903.82,Credit,Branch,Doctor,2
242.62,22.0,234.0,483.02000000000044,Credit,Online,Student,1
48.72,21.0,17.0,816.0799999999999,Debit,Branch,Student,1
43.46000000000001,25.0,80.0,578.0599999999995,Debit,ATM,Student,1
913.49125,25.0,126.0,477.3000000000002,Debit,Online,Student,1
443.79,53.0,87.0,3133.8499999999995,Debit,ATM,Retired,0
365.14,68.0,57.0,5894.09,Debit,Online,Retired,0
757.41,22.0,37.0,9532.42,Debit,ATM,Student,1
20.54000000000002,51.0,72.0,5327.03,Debit,Branch,Engineer,0
475.36,34.0,105.0,2000.6,Debit,ATM,Engineer,0
34.74000000000001,56.0,24.0,6827.57,Debit,ATM,Retired,0
689.54,27.0,93.0,1633.7600000000002,Debit,Branch,Student,1
211.18,73.0,90.0,4069.17,Debit,ATM,Retired,0
211.36,51.0,286.0,7943.47,Credit,Branch,Engineer,3
744.41,39.0,107.0,8842.47,Credit,Online,Engineer,3
61.43000000000001,24.0,170.0,1882.77,Debit,Online,Student,1
167.44,37.0,82.0,12526.71,Debit,Branch,Doctor,2
361.46,21.0,83.0,4737.84,Debit,Online,Student,1
378.85,78.0,126.0,2300.53,Debit,Branch,Retired,0
241.11,30.0,55.0,12385.05,Debit,Branch,Doctor,2
131.93,31.0,13.000000000000014,4547.06,Credit,Branch,Engineer,0
20.28000000000003,36.0,213.0,2047.83,Debit,Online,Engineer,3
415.88,70.0,170.0,10008.33,Debit,Branch,Doctor,2
49.99000000000001,62.0,139.0,2299.64,Debit,ATM,Retired,0
913.49125,27.0,153.0,243.92000000000007,Debit,Online,Student,1
100.66,50.0,144.0,14473.33,Debit,Branch,Doctor,2
485.54,19.0,148.0,1533.3199999999997,Debit,Online,Student,1
321.15,46.0,179.0,7005.05,Debit,Branch,Doctor,3
711.3,21.0,51.0,955.3999999999996,Debit,Branch,Student,1
12.230000000000018,42.0,139.0,7844.88,Debit,ATM,Engineer,0
350.94,20.0,64.0,221.5600000000004,Debit,ATM,Student,1
301.85,54.0,25.0,6586.19,Debit,Online,Engineer,0
29.340000000000003,65.0,30.0,3944.82,Debit,Online,Retired,0
231.71,27.0,148.0,1127.98,Debit,Branch,Student,1
179.43,58.0,244.0,2626.63,Debit,ATM,Retired,3
36.71000000000001,48.0,55.0,6459.38,Debit,Branch,Doctor,0
138.12,53.0,281.0,1649.69,Credit,Branch,Doctor,3
233.24,33.0,72.0,6939.23,Debit,ATM,Engineer,0
609.14,39.0,177.0,9033.87,Debit,ATM,Engineer,3
436.64,31.0,111.0,14365.18,Debit,Branch,Doctor,2
870.4300000000001,29.0,55.0,10115.18,Debit,Branch,Doctor,2
354.4,74.0,128.0,7358.65,Debit,ATM,Retired,3
22.629999999999995,53.0,112.0,4438.03,Debit,Online,Engineer,0
182.19,26.0,53.0,1176.1,Debit,Branch,Student,1
126.81,26.0,290.0,5427.98,Debit,Branch,Engineer,3
288.17,37.0,50.0,3653.11,Debit,Online,Engineer,0
118.76999999999998,55.0,123.0,2104.82,Debit,Branch,Engineer,0
651.82,21.0,166.0,1802.77,Debit,ATM,Student,1
66.65,37.0,33.0,3559.96,Debit,ATM,Engineer,0
98.53,69.0,166.0,3564.8,Debit,Branch,Retired,0
138.95,71.0,30.0,6752.92,Debit,Online,Retired,0
33.889999999999986,26.0,177.0,1444.75,Debit,Branch,Student,1
23.70999999999998,58.0,164.0,10788.89,Debit,Branch,Doctor,2
913.49125,55.0,238.0,2235.7,Debit,Online,Engineer,3
26.060000000000002,65.0,283.0,12893.63,Debit,ATM,Doctor,2
17.069999999999993,27.0,44.0,2798.15,Debit,Branch,Engineer,0
703.89,46.0,62.0,3583.67,Debit,Online,Engineer,0
913.49125,47.0,155.0,2120.8,Debit,ATM,Engineer,3
26.55000000000001,77.0,228.0,3085.38,Debit,ATM,Retired,3
147.4,42.0,259.0,6797.71,Debit,Branch,Engineer,3
202.11,27.0,18.0,746.4700000000003,Debit,ATM,Student,1
308.42,75.0,39.0,5427.81,Debit,Branch,Retired,0
11.180000000000007,53.0,144.0,7467.3,Debit,ATM,Engineer,0
294.15,38.0,136.0,6362.16,Debit,Online,Engineer,3
29.579999999999956,54.0,121.0,8345.26,Debit,Branch,Engineer,0
139.45,27.0,31.0,1305.7600000000002,Debit,Online,Student,1
432.63,29.0,137.0,13648.36,Debit,ATM,Doctor,2
131.43,43.0,65.0,1337.5,Debit,Online,Doctor,0
516.72,42.0,128.0,2015.69,Debit,ATM,Engineer,3
121.82,69.0,123.0,8354.54,Debit,Online,Doctor,2
374.5,26.0,178.0,1671.5100000000002,Credit,Branch,Student,1
166.13,68.0,227.0,11822.53,Debit,ATM,Doctor,2
626.9,23.0,146.0,587.1099999999997,Debit,ATM,Student,1
466.85,56.0,165.0,5422.53,Debit,Branch,Retired,3
788.84,58.0,231.0,1913.73,Debit,Online,Retired,3
873.6500000000001,37.0,59.0,12139.83,Credit,Online,Doctor,2
525.28,69.0,134.0,4693.6,Debit,ATM,Retired,3
110.17000000000002,30.0,137.0,464.1999999999998,Debit,ATM,Engineer,0
632.69,80.0,76.0,4363.74,Debit,ATM,Retired,0
124.35,72.0,90.0,3319.76,Debit,ATM,Retired,0
43.849999999999994,62.0,122.0,4356.98,Debit,ATM,Retired,0
283.81,28.0,29.0,1519.35,Debit,Branch,Student,1
168.53,71.0,112.0,5962.58,Debit,ATM,Retired,0
218.59,40.0,123.0,6699.23,Credit,Branch,Engineer,0
132.84,21.0,143.0,822.7299999999996,Debit,ATM,Student,1
157.37,42.0,289.0,13964.31,Credit,Branch,Doctor,3
144.77,20.0,159.0,867.3199999999997,Debit,Online,Student,1
643.22,64.0,93.0,1035.8599999999997,Debit,ATM,Doctor,3
913.49125,41.0,297.0,13347.69,Debit,Branch,Doctor,3
208.07,32.0,36.0,8478.9,Debit,Online,Doctor,0
94.30000000000001,57.0,57.0,11088.95,Debit,Branch,Doctor,2
295.5,59.0,36.0,6280.66,Debit,ATM,Retired,0
30.230000000000018,44.0,99.0,481.1300000000001,Debit,ATM,Doctor,0
112.05000000000001,26.0,159.0,1122.8799999999997,Credit,ATM,Student,1
180.24,58.0,144.0,8431.23,Debit,Branch,Engineer,2
13.70999999999998,38.0,148.0,8342.79,Credit,Online,Engineer,0
96.54000000000002,58.0,95.0,7182.22,Debit,Branch,Retired,0
79.35,67.0,70.0,1692.15,Debit,Online,Retired,0
101.04000000000002,27.0,160.0,1695.5699999999997,Debit,ATM,Student,1
74.42000000000002,49.0,68.0,6264.21,Debit,Online,Engineer,0
39.66,52.0,169.0,8497.34,Debit,Branch,Engineer,2
99.36000000000001,40.0,46.0,1272.12,Debit,ATM,Doctor,0
123.85,56.0,244.0,3959.62,Debit,Online,Engineer,3
426.93,19.0,248.0,476.1899999999996,Debit,ATM,Student,1
133.73,25.0,123.0,1872.2200000000003,Credit,Online,Student,1
222.39,49.0,73.0,3117.39,Debit,Online,Engineer,0
215.94,22.0,140.0,1841.69,Credit,Online,Student,1
6.300000000000011,80.0,283.0,7697.68,Debit,Branch,Retired,3
826.23,29.0,209.0,7580.59,Debit,ATM,Doctor,3
416.37,35.0,67.0,7936.91,Debit,Online,Engineer,0
131.46,67.0,258.0,6642.33,Debit,Branch,Retired,3
202.86,61.0,149.0,7642.25,Credit,Branch,Doctor,2
268.39,26.0,171.0,136.73999999999978,Debit,ATM,Student,1
194.85,23.0,130.0,319.84000000000015,Debit,Online,Student,1
137.35,40.0,220.0,12662.66,Credit,Online,Doctor,2
712.75,44.0,25.0,8126.06,Debit,Branch,Doctor,2
353.82,42.0,143.0,705.75,Debit,ATM,Doctor,3
507.25,73.0,143.0,5331.57,Debit,Branch,Retired,3
212.74,27.0,128.0,7645.47,Debit,Branch,Engineer,0
364.42,51.0,146.0,8119.73,Debit,ATM,Engineer,3
195.12,46.0,144.0,6101.15,Debit,ATM,Doctor,2
230.61,80.0,204.0,2561.42,Debit,Branch,Retired,3
739.28,58.0,47.0,11905.64,Credit,Branch,Doctor,2
390.35,64.0,61.0,7095.88,Credit,ATM,Doctor,2
242.03,58.0,124.0,4382.73,Debit,Online,Engineer,0
242.39,18.0,271.0,1328.73,Credit,ATM,Student,1
135.03,23.0,180.0,1278.0,Debit,ATM,Student,1
83.5,61.0,91.0,1749.79,Debit,Branch,Retired,0
193.54,80.0,267.0,2929.51,Debit,Branch,Retired,3
617.36,29.0,61.0,8926.38,Debit,Branch,Engineer,0
775.23,59.0,38.0,5977.59,Credit,Online,Doctor,2
266.57,72.0,100.0,7676.92,Debit,ATM,Retired,0
153.4,45.0,144.0,4657.7,Debit,ATM,Engineer,0
913.49125,53.0,251.0,5579.11,Debit,Branch,Retired,3
5.1200000000000045,34.0,90.0,3293.01,Debit,Branch,Engineer,0
119.11000000000001,57.0,131.0,7998.25,Debit,ATM,Engineer,2
913.49125,24.0,147.0,1093.8900000000003,Debit,Online,Student,1
119.72,30.0,123.0,3435.34,Debit,Branch,Engineer,0
107.4,58.0,32.0,344.0699999999997,Debit,Online,Doctor,0
115.92000000000002,53.0,57.0,3897.17,Debit,ATM,Retired,0
438.04,67.0,247.0,5358.95,Debit,ATM,Retired,3
677.29,27.0,287.0,627.79,Debit,Online,Engineer,3
296.0,35.0,248.0,7418.82,Debit,Branch,Doctor,3
299.09,36.0,84.0,5615.26,Credit,Branch,Engineer,0
461.52,24.0,44.0,1995.1800000000003,Credit,Branch,Student,1
100.51999999999998,50.0,110.0,453.3900000000003,Debit,ATM,Engineer,0
85.35,66.0,166.0,2173.76,Debit,ATM,Retired,0
79.75999999999999,39.0,170.0,6452.14,Debit,Branch,Engineer,3
778.49,75.0,107.0,7713.67,Credit,Online,Retired,3
386.38,42.0,135.0,5528.36,Debit,Online,Engineer,3
165.25,35.0,106.0,9939.94,Debit,Online,Doctor,2
14.29000000000002,34.0,150.0,7016.99,Debit,ATM,Engineer,0
232.79,55.0,145.0,2661.3,Credit,Branch,Retired,0
913.49125,60.0,159.0,9410.17,Credit,Branch,Engineer,3
92.29000000000002,54.0,115.0,2026.3199999999997,Debit,Branch,Engineer,0
293.97,68.0,153.0,7371.85,Debit,Branch,Retired,3
136.32,19.0,113.0,264.8299999999999,Debit,Online,Student,1
251.06,36.0,34.0,10001.66,Debit,Online,Doctor,2
50.170000000000016,77.0,35.0,7752.14,Credit,ATM,Retired,0
21.399999999999977,34.0,258.0,9594.11,Debit,Branch,Engineer,3
73.28,21.0,20.999999999999986,1329.4099999999999,Debit,Branch,Student,1
70.23000000000002,38.0,260.0,11624.93,Debit,ATM,Doctor,3
689.29,22.0,100.0,168.84000000000015,Debit,ATM,Student,1
745.03,28.0,231.0,160.5699999999997,Debit,Online,Student,1
54.610000000000014,58.0,160.0,7135.64,Debit,ATM,Engineer,2
54.05000000000001,27.0,146.0,469.1400000000003,Debit,Branch,Student,1
107.47,67.0,144.0,7517.5,Debit,Online,Retired,0
611.11,20.0,282.0,919.8400000000001,Debit,ATM,Student,1
219.63,48.0,44.0,8013.63,Debit,ATM,Doctor,2
188.7,54.0,123.0,5077.06,Debit,Branch,Retired,0
93.51999999999998,51.0,97.0,2791.2,Debit,Online,Engineer,0
275.92,62.0,107.0,1777.38,Credit,Branch,Retired,0
376.79,68.0,265.0,7749.14,Debit,Branch,Retired,3
8.980000000000018,66.0,56.0,4516.76,Debit,Online,Retired,0
697.32,68.0,91.0,2016.02,Debit,Online,Retired,3
17.44999999999999,18.0,88.0,1959.52,Debit,ATM,Student,1
302.16,80.0,138.0,3876.61,Debit,Online,Retired,0
442.74,23.0,136.0,1790.27,Debit,Branch,Student,1
623.9,27.0,249.0,711.4700000000003,Debit,ATM,Student,1
445.41,35.0,235.0,12154.66,Debit,ATM,Doctor,3
63.41,26.0,36.0,1546.2200000000003,Debit,ATM,Student,1
346.85,44.0,88.0,7208.15,Debit,ATM,Doctor,2
71.94999999999999,59.0,53.0,9267.32,Credit,Online,Engineer,0
7.5,63.0,36.0,6485.78,Debit,Online,Retired,0
206.46,65.0,279.0,3984.38,Debit,ATM,Retired,3
423.11,60.0,47.0,412.77999999999975,Debit,ATM,Engineer,0
35.84,54.0,172.0,4795.65,Credit,Online,Retired,0
88.6,28.0,105.0,246.5699999999997,Credit,Branch,Student,1
913.49125,18.0,168.0,1058.1300000000006,Debit,ATM,Student,1
53.81,55.0,37.0,2564.62,Credit,ATM,Engineer,0
22.45999999999998,54.0,78.0,6631.5,Debit,Online,Retired,0
334.89,21.0,260.0,1661.6800000000003,Debit,Online,Student,1
319.27,54.0,59.0,5504.01,Credit,Online,Retired,0
144.3,18.0,88.0,312.1899999999996,Debit,ATM,Student,1
348.7,69.0,149.0,2445.58,Credit,Branch,Retired,3
366.21,62.0,181.0,10862.99,Debit,ATM,Doctor,2
99.11000000000001,55.0,12.0,5414.87,Debit,Online,Retired,0
539.35,55.0,127.0,3919.44,Debit,ATM,Retired,3
188.99,58.0,92.0,7315.34,Debit,Branch,Engineer,0
913.49125,46.0,58.0,3740.73,Debit,ATM,Engineer,3
710.14,26.0,227.0,465.6300000000001,Debit,ATM,Student,1
308.68,53.0,170.0,9992.36,Debit,Online,Doctor,2
166.68,57.0,139.0,5141.19,Debit,ATM,Retired,0
0.9900000000000091,45.0,133.0,4317.85,Debit,ATM,Engineer,0
505.19,30.0,128.0,5326.68,Debit,ATM,Doctor,3
66.57999999999998,23.0,79.0,1636.3199999999997,Debit,Branch,Student,1
223.43,77.0,178.0,7932.41,Debit,Branch,Retired,3
659.95,60.0,114.0,3927.69,Debit,Online,Engineer,3
634.86,27.0,45.0,588.5,Debit,ATM,Student,1
286.5,30.0,60.0,8517.95,Credit,Branch,Engineer,0
322.96,76.0,168.0,2401.59,Credit,Branch,Retired,3
654.48,19.0,114.0,6776.41,Debit,Branch,Student,1
157.96999999999997,48.0,140.0,5529.92,Debit,Branch,Doctor,2
120.9,40.0,52.0,9009.42,Debit,Branch,Doctor,2
254.77,57.0,57.0,5994.87,Debit,Branch,Engineer,0
795.96,65.0,119.0,5468.58,Debit,Online,Retired,3
149.25,39.0,142.0,5677.52,Debit,ATM,Engineer,0
3.420000000000016,43.0,158.0,14180.21,Credit,Online,Doctor,2
68.19,40.0,189.0,9895.1,Credit,Online,Doctor,2
493.42,39.0,111.0,2232.84,Debit,Branch,Engineer,3
37.56999999999999,57.0,42.0,7739.54,Debit,ATM,Retired,0
127.0,19.0,68.0,431.15999999999985,Credit,Branch,Student,1
96.88999999999999,59.0,53.0,6044.93,Debit,ATM,Retired,0
448.33,25.0,161.0,922.1900000000005,Debit,ATM,Student,1
913.49125,51.0,55.0,447.52999999999975,Debit,ATM,Engineer,3
8.649999999999977,48.0,273.0,10778.35,Debit,Online,Doctor,2
65.57,41.0,82.0,7513.79,Debit,Online,Engineer,0
539.81,46.0,177.0,2051.25,Debit,Online,Engineer,3
363.53,63.0,142.0,1038.9099999999994,Debit,ATM,Retired,3
64.9,51.0,72.0,6854.61,Credit,Branch,Retired,0
358.18,18.0,157.0,619.8599999999997,Debit,ATM,Student,1
167.2,30.0,84.0,11320.83,Debit,Branch,Doctor,2
121.91,60.0,133.0,14510.8,Debit,Branch,Doctor,2
137.57,54.0,70.0,5103.67,Debit,Online,Engineer,0
534.62,55.0,45.0,13793.53,Debit,Online,Doctor,2
463.92,50.0,199.0,2403.39,Debit,Online,Engineer,3
320.14,60.0,96.0,3075.97,Debit,Online,Retired,0
214.93,28.0,52.0,7835.4,Debit,Online,Student,0
660.02,20.0,84.0,414.4300000000003,Debit,Branch,Student,1
345.81,40.0,135.0,6116.8,Debit,Branch,Engineer,3
143.54,71.0,80.0,6067.62,Debit,ATM,Retired,0
42.55000000000001,53.0,29.0,7341.43,Debit,Branch,Engineer,0
913.49125,21.0,128.0,1240.71,Credit,Online,Student,1
541.79,22.0,125.0,1454.08,Debit,ATM,Student,1
40.56999999999999,26.0,63.0,1476.9099999999999,Debit,Branch,Student,1
120.24000000000001,18.0,131.0,1943.13,Debit,Branch,Student,1
498.67,28.0,244.0,1719.9700000000003,Debit,Online,Student,1
227.22,53.0,220.0,832.8199999999997,Debit,ATM,Doctor,3
913.49125,30.0,34.0,7696.16,Debit,Online,Engineer,3
56.94,76.0,74.0,7004.63,Credit,Online,Retired,0
629.82,68.0,159.0,6385.69,Debit,ATM,Retired,3
59.44,35.0,176.0,5472.03,Debit,Online,Engineer,3
186.69,30.0,54.0,8602.22,Debit,Branch,Engineer,0
230.46,19.0,179.0,162.52999999999975,Debit,Online,Student,1
65.09,44.0,159.0,9370.9,Credit,Online,Engineer,2
457.09,55.0,63.0,8570.82,Credit,Online,Engineer,0
552.02,44.0,100.0,522.0799999999999,Credit,ATM,Engineer,3
377.12,34.0,61.0,836.6700000000001,Debit,ATM,Engineer,0
204.56,18.0,179.0,364.72000000000025,Credit,Branch,Student,1
420.28,35.0,144.0,8557.32,Debit,Branch,Doctor,3
97.09,24.0,202.0,1579.5699999999997,Debit,ATM,Student,1
124.59,27.0,171.0,129.28999999999996,Debit,Branch,Student,1
73.88,39.0,34.0,6474.41,Debit,Online,Doctor,0
77.43,21.0,169.0,1380.21,Debit,Online,Student,1
106.16,56.0,277.0,7487.79,Debit,ATM,Doctor,3
245.93,54.0,172.0,7986.63,Debit,Branch,Engineer,3
622.41,64.0,125.0,7322.01,Debit,ATM,Doctor,2
43.72999999999999,34.0,145.0,9929.43,Debit,ATM,Doctor,2
913.49125,19.0,68.0,1830.98,Debit,Branch,Student,1
2.0299999999999727,33.0,28.0,3012.31,Credit,ATM,Engineer,0
770.65,31.0,137.0,7198.8,Debit,Online,Doctor,3
260.31,63.0,113.0,10980.38,Debit,Branch,Doctor,2
356.1,26.0,187.0,868.3500000000004,Credit,Branch,Student,1
27.069999999999993,80.0,39.0,3773.29,Credit,Branch,Retired,0
119.88999999999999,67.0,60.0,6697.77,Debit,ATM,Doctor,2
106.38999999999999,37.0,281.0,9410.99,Debit,Online,Doctor,3
12.04000000000002,37.0,58.0,6213.32,Debit,Online,Engineer,0
365.7,21.0,115.0,368.77999999999975,Debit,Branch,Student,1
29.379999999999995,28.0,63.0,1663.31,Credit,Branch,Student,1
319.85,60.0,148.0,711.6599999999999,Debit,ATM,Doctor,3
350.14,75.0,38.0,2403.25,Credit,Online,Retired,0
163.94,52.0,73.0,5957.37,Credit,Branch,Retired,0
170.53,24.0,58.0,801.0100000000002,Debit,Branch,Student,1
262.22,40.0,136.0,5711.71,Credit,ATM,Engineer,3
41.49000000000001,24.0,13.000000000000014,928.3299999999999,Debit,Online,Student,1
121.43,52.0,243.0,7365.28,Credit,Branch,Engineer,3
350.46,51.0,165.0,5839.38,Debit,Branch,Retired,3
220.41,26.0,155.0,5116.98,Credit,Online,Engineer,3
33.46000000000001,72.0,111.0,3641.07,Debit,ATM,Retired,0
104.79000000000002,70.0,223.0,1352.19,Debit,ATM,Doctor,3
246.27,29.0,141.0,7299.86,Debit,Online,Doctor,3
48.849999999999994,19.0,176.0,1503.56,Debit,ATM,Student,1
332.0,69.0,17.0,5943.13,Debit,ATM,Retired,0
118.1,54.0,167.0,895.6599999999999,Debit,Online,Engineer,0
84.59,67.0,10.0,5669.1,Credit,Branch,Doctor,2
295.64,21.0,82.0,1061.96,Debit,Online,Student,1
514.33,25.0,160.0,1592.94,Debit,Branch,Student,1
913.49125,43.0,169.0,6215.96,Debit,ATM,Doctor,3
94.59,39.0,34.0,6171.89,Debit,Online,Doctor,0
80.43,59.0,157.0,5987.67,Debit,Branch,Retired,0
54.25,68.0,37.0,14783.33,Debit,Online,Doctor,2
178.88,76.0,93.0,4708.29,Credit,Branch,Retired,0
518.85,22.0,82.0,1806.0,Debit,Online,Student,1
10.649999999999977,54.0,161.0,13240.719999999998,Debit,Online,Doctor,2
198.62,27.0,84.0,1196.0699999999997,Credit,Branch,Student,1
107.03,27.0,73.0,1408.0699999999997,Debit,Branch,Student,1
139.57,19.0,263.0,271.77999999999975,Debit,ATM,Student,1
312.47,49.0,148.0,9419.27,Debit,ATM,Engineer,3
346.11,41.0,213.0,9551.64,Debit,Branch,Engineer,3
138.06,44.0,159.0,1070.4700000000007,Debit,Branch,Engineer,0
158.02,49.0,120.0,9374.24,Debit,ATM,Engineer,2
830.01,66.0,96.0,4253.18,Credit,Online,Retired,3
435.5,55.0,112.0,6981.03,Debit,ATM,Retired,0
110.49000000000001,57.0,47.999999999999986,10483.93,Debit,Online,Doctor,2
329.4,34.0,68.0,9588.07,Debit,Online,Doctor,2
635.4,47.0,106.0,1238.1099999999997,Debit,ATM,Doctor,3
769.97,22.0,23.0,1244.9300000000003,Debit,Branch,Student,1
175.07,26.0,169.0,1040.25,Debit,Branch,Student,1
7.310000000000002,78.0,282.0,5757.67,Debit,Branch,Retired,3
175.15,27.0,32.0,1712.65,Debit,ATM,Student,1
32.53999999999999,25.0,183.0,1544.88,Debit,Online,Student,1
121.82,60.0,119.0,13293.829999999998,Debit,Online,Doctor,2
56.120000000000005,30.0,102.0,8839.67,Debit,ATM,Doctor,2
424.7,56.0,178.0,6239.89,Credit,Online,Retired,3
35.16,32.0,130.0,8459.18,Debit,Branch,Engineer,0
35.72999999999999,65.0,87.0,9073.17,Debit,Branch,Doctor,2
3.4399999999999977,78.0,108.0,7561.33,Debit,ATM,Retired,0
913.49125,21.0,235.0,694.0299999999997,Credit,Branch,Student,1
139.03,50.0,81.0,2276.57,Credit,Online,Engineer,0
254.92,28.0,169.0,2791.12,Credit,ATM,Engineer,3
115.11000000000001,28.0,139.0,9808.97,Debit,Online,Engineer,0
171.11,57.0,171.0,6324.09,Debit,ATM,Retired,3
168.54,70.0,142.0,13406.0,Debit,ATM,Doctor,2
420.76,51.0,76.0,6581.55,Debit,Branch,Retired,0
408.46,64.0,28.0,3140.79,Debit,Branch,Retired,0
913.49125,30.0,45.0,10357.26,Credit,Online,Doctor,2
342.17,21.0,247.0,461.8299999999999,Credit,Branch,Student,1
580.71,53.0,95.0,5670.0,Debit,ATM,Engineer,3
821.54,79.0,36.0,4040.32,Credit,Branch,Retired,0
253.47,20.0,238.0,220.51000000000022,Debit,Branch,Student,1
22.810000000000002,62.0,75.0,3634.76,Debit,Online,Retired,0
266.57,39.0,96.0,7180.48,Credit,Online,Engineer,0
374.61,75.0,37.0,1389.71,Credit,Online,Retired,0
339.35,78.0,70.0,5002.7,Credit,ATM,Retired,0
810.3600000000001,20.0,67.0,9239.12,Debit,ATM,Student,1
9.829999999999984,24.0,86.0,666.4200000000001,Debit,ATM,Student,1
135.57,51.0,116.0,11351.64,Credit,Branch,Doctor,2
340.05,43.0,37.0,7234.15,Debit,ATM,Engineer,0
283.45,27.0,127.0,2049.51,Debit,Branch,Engineer,0
100.99000000000001,68.0,114.0,8865.27,Debit,ATM,Doctor,2
90.88,18.0,176.0,3908.47,Debit,Branch,Student,1
655.15,26.0,264.0,5587.44,Debit,ATM,Engineer,3
320.55,50.0,118.0,438.75,Debit,Online,Engineer,0
41.50999999999999,28.0,47.999999999999986,609.6000000000004,Debit,Online,Student,1
71.53,68.0,39.0,2393.73,Credit,Branch,Retired,0
467.13,54.0,45.0,3914.84,Credit,Branch,Retired,0
235.4,28.0,70.0,818.3599999999997,Debit,Branch,Student,1
159.32,18.0,100.0,304.4399999999996,Debit,Branch,Student,1
50.829999999999984,30.0,47.999999999999986,9553.42,Credit,Online,Doctor,2
56.889999999999986,59.0,56.0,3034.67,Credit,Branch,Engineer,0
20.21999999999997,43.0,138.0,5515.32,Debit,ATM,Engineer,0
50.400000000000006,36.0,84.0,1677.0100000000002,Debit,Branch,Doctor,0
73.88,53.0,131.0,4055.55,Debit,Branch,Retired,0
119.61000000000001,33.0,53.0,9899.94,Debit,ATM,Doctor,2
913.49125,18.0,129.0,756.7399999999998,Debit,Branch,Student,1
116.57999999999998,43.0,247.0,2620.74,Debit,Branch,Engineer,3
913.49125,30.0,161.0,11090.24,Debit,ATM,Doctor,3
391.96,64.0,79.0,2174.16,Debit,ATM,Retired,0
156.26,46.0,160.0,7854.1,Credit,Branch,Engineer,3
427.0,49.0,163.0,8253.65,Credit,Branch,Engineer,3
443.68,18.0,137.0,874.1499999999996,Debit,ATM,Student,1
101.75999999999999,31.0,26.0,6043.25,Debit,Branch,Doctor,0
67.57,37.0,107.0,2766.12,Debit,Branch,Engineer,0
326.29,56.0,179.0,8171.26,Debit,Online,Engineer,3
158.56,33.0,100.0,5401.21,Debit,ATM,Doctor,0
56.02000000000001,27.0,142.0,3548.02,Debit,Online,Student,1
288.28,27.0,36.0,160.82999999999993,Debit,Online,Student,1
245.67,24.0,107.0,752.25,Credit,Branch,Student,1
152.18,39.0,176.0,2459.84,Credit,Online,Engineer,3
114.35,41.0,20.999999999999986,469.1199999999999,Credit,Branch,Engineer,0
373.27,61.0,79.0,8441.61,Credit,Online,Doctor,2
504.63,60.0,168.0,3806.16,Debit,Online,Engineer,3
126.22,46.0,77.0,6133.41,Debit,ATM,Engineer,0
820.1500000000001,47.0,181.0,8802.97,Debit,Branch,Doctor,3
913.49125,68.0,127.0,14881.77,Credit,Online,Doctor,2
8.370000000000005,63.0,135.0,1106.3400000000001,Debit,ATM,Retired,0
197.49,53.0,30.0,5005.33,Credit,Online,Retired,0
637.97,58.0,90.0,7949.03,Debit,Branch,Retired,3
13.519999999999982,26.0,65.0,259.77000000000044,Debit,ATM,Student,1
432.1,49.0,240.0,2114.3,Debit,ATM,Engineer,3
375.17,51.0,66.0,5495.3,Debit,ATM,Engineer,0
642.68,50.0,94.0,8461.46,Debit,Branch,Doctor,2
78.44,52.0,292.0,6870.84,Credit,Online,Retired,3
139.72,49.0,201.0,5058.83,Debit,Branch,Engineer,3
499.99,31.0,296.0,8885.0,Debit,Branch,Engineer,3
10.069999999999993,24.0,49.0,530.8099999999995,Debit,Online,Student,1
120.62,23.0,85.0,9379.53,Debit,ATM,Student,0
578.49,59.0,180.0,6475.13,Debit,Branch,Retired,3
119.30000000000001,34.0,22.0,319.03999999999996,Debit,Branch,Engineer,0
280.92,41.0,168.0,5298.85,Debit,Online,Doctor,3
42.420000000000016,21.0,102.0,490.5699999999997,Debit,Online,Student,1
77.03,67.0,259.0,11310.27,Debit,ATM,Doctor,2
22.589999999999975,62.0,45.0,3988.75,Debit,ATM,Retired,0
568.76,51.0,155.0,7484.32,Debit,ATM,Retired,3
25.939999999999998,58.0,211.0,4815.11,Credit,Online,Retired,3
105.94,51.0,207.0,5963.1,Debit,Branch,Engineer,3
733.29,52.0,94.0,10427.0,Debit,ATM,Doctor,2
350.15,21.0,195.0,296.47000000000025,Credit,ATM,Student,1
913.49125,65.0,105.0,1100.0599999999995,Debit,ATM,Doctor,3
183.67,19.0,238.0,910.2600000000002,Debit,Online,Student,1
278.27,29.0,123.0,6684.34,Debit,Branch,Doctor,3
470.3,40.0,88.0,8524.09,Debit,ATM,Doctor,2
261.69,53.0,84.0,5126.65,Debit,ATM,Retired,0
365.04,22.0,94.0,873.8900000000003,Debit,Branch,Student,1
211.1,57.0,136.0,7059.77,Debit,Branch,Retired,0
21.49000000000001,58.0,240.0,11991.24,Debit,ATM,Doctor,2
63.579999999999984,18.0,199.0,8086.04,Debit,ATM,Student,1
321.86,63.0,167.0,12626.49,Debit,ATM,Doctor,2
12.110000000000014,75.0,127.0,1730.2799999999997,Debit,Branch,Retired,0
642.54,44.0,28.0,3143.17,Debit,Branch,Engineer,0
210.45,27.0,146.0,1242.4899999999998,Debit,ATM,Student,1
313.65,55.0,173.0,1886.3599999999997,Credit,Branch,Retired,3
99.75999999999999,26.0,131.0,416.8900000000003,Debit,Branch,Student,1
115.32,53.0,113.0,5929.08,Debit,Branch,Retired,0
33.610000000000014,23.0,72.0,479.0799999999999,Debit,Online,Student,1
498.59,33.0,32.0,5862.99,Credit,Online,Doctor,0
98.81,27.0,91.0,797.1000000000004,Debit,Branch,Student,1
1.8700000000000045,65.0,147.0,7287.94,Debit,ATM,Retired,0
78.92000000000002,59.0,95.0,5624.86,Credit,Online,Engineer,0
194.29,39.0,10.0,2988.41,Credit,Branch,Engineer,0
28.730000000000018,53.0,185.0,2712.96,Debit,ATM,Engineer,3
105.53,24.0,88.0,1433.6599999999999,Debit,Online,Student,1
737.34,30.0,34.0,7336.56,Debit,Online,Doctor,0
237.86,18.0,210.0,475.6300000000001,Debit,ATM,Student,1
409.61,65.0,89.0,11698.15,Debit,Branch,Doctor,2
75.53,21.0,157.0,1034.35,Credit,Online,Student,1
72.75,64.0,15.0,12042.79,Debit,ATM,Doctor,2
39.110000000000014,26.0,143.0,518.54,Debit,Online,Student,1
913.49125,23.0,139.0,1258.9300000000003,Debit,ATM,Student,1
729.38,68.0,90.0,9127.65,Debit,ATM,Doctor,2
137.49,34.0,50.0,4471.05,Debit,ATM,Engineer,0
504.71,29.0,61.0,6214.54,Debit,Online,Engineer,0
371.47,24.0,58.0,1187.04,Credit,Branch,Student,1
430.35,36.0,205.0,354.89999999999964,Debit,Online,Doctor,3
230.32,35.0,56.0,791.46,Debit,Branch,Engineer,0
121.70999999999998,52.0,140.0,5878.89,Debit,ATM,Retired,0
98.87,20.0,179.0,533.1999999999998,Debit,Online,Student,1
117.55000000000001,24.0,35.0,897.9400000000005,Debit,ATM,Student,1
244.64,30.0,103.0,9159.56,Debit,Branch,Doctor,2
321.93,45.0,12.0,4392.73,Debit,ATM,Engineer,0
913.49125,58.0,11.0,1390.98,Debit,Branch,Retired,0
283.23,40.0,98.0,2008.77,Debit,Online,Engineer,0
346.65,30.0,60.0,6356.96,Debit,Online,Engineer,0
381.62,64.0,164.0,6009.12,Debit,Online,Retired,3
388.65,76.0,43.0,7896.85,Debit,ATM,Retired,0
29.22,24.0,151.0,1649.4300000000003,Debit,ATM,Student,1
46.75,67.0,150.0,2840.43,Debit,Branch,Retired,0
348.64,57.0,128.0,3274.96,Debit,Online,Retired,0
319.17,73.0,81.0,6501.56,Debit,Online,Retired,0
73.94999999999999,26.0,76.0,363.9200000000001,Debit,ATM,Student,1
389.63,27.0,99.0,9748.48,Debit,Online,Engineer,0
217.61,19.0,45.0,1404.5299999999997,Debit,ATM,Student,1
199.84,21.0,150.0,706.4400000000005,Debit,ATM,Student,1
56.349999999999994,44.0,75.0,5095.73,Debit,ATM,Doctor,0
248.95,65.0,29.0,3059.79,Credit,Branch,Retired,0
142.58,33.0,145.0,7844.23,Debit,ATM,Engineer,0
913.49125,28.0,87.0,1119.6099999999992,Debit,ATM,Student,1
84.34,58.0,248.0,5313.97,Debit,Online,Retired,3
913.49125,31.0,156.0,6227.99,Debit,ATM,Engineer,3
333.78,60.0,98.0,6810.94,Debit,ATM,Retired,0
332.59,55.0,143.0,1457.0699999999997,Debit,Online,Retired,0
236.81,22.0,15.0,813.6800000000003,Debit,Branch,Student,1
417.8,27.0,130.0,1518.8199999999997,Credit,Branch,Student,1
319.27,50.0,150.0,10269.78,Debit,ATM,Doctor,2
384.1,42.0,172.0,672.79,Debit,Branch,Engineer,3
820.6200000000001,61.0,158.0,6024.8,Credit,Branch,Doctor,3
474.77,56.0,50.0,2158.59,Credit,Online,Engineer,0
542.72,43.0,92.0,6011.8,Credit,Branch,Doctor,2
79.80000000000001,73.0,76.0,6372.58,Debit,ATM,Retired,0
46.24000000000001,57.0,52.0,2569.56,Debit,Branch,Engineer,0
327.8,61.0,54.0,10585.48,Debit,ATM,Doctor,2
445.79,52.0,161.0,717.9899999999998,Debit,ATM,Doctor,3
55.889999999999986,72.0,150.0,3689.65,Debit,Online,Retired,0
158.41,28.0,16.0,1512.1599999999999,Debit,Branch,Student,1
101.19,64.0,75.0,14389.45,Credit,Online,Doctor,2
827.1400000000001,36.0,265.0,9800.21,Debit,Branch,Engineer,3
61.97,74.0,95.0,7014.69,Debit,ATM,Retired,0
27.20999999999998,79.0,102.0,3520.61,Debit,ATM,Retired,0
173.74,80.0,64.0,4913.42,Debit,Online,Retired,0
176.11,38.0,105.0,9155.35,Debit,Branch,Engineer,0
88.4,46.0,174.0,2567.53,Debit,Online,Engineer,0
567.92,53.0,14.0,3779.47,Debit,Online,Retired,0
138.11,68.0,104.0,4177.65,Credit,Online,Retired,0
456.93,28.0,193.0,7284.76,Credit,Branch,Engineer,3
101.42000000000002,66.0,146.0,6530.59,Debit,Online,Retired,0
300.61,44.0,51.0,7895.54,Debit,Online,Doctor,2
265.94,54.0,132.0,6781.3,Debit,Online,Engineer,0
345.54,29.0,50.0,2091.78,Debit,Online,Engineer,0
411.52,41.0,88.0,11108.39,Debit,ATM,Doctor,2
111.20999999999998,35.0,111.0,9088.36,Debit,Branch,Doctor,2
316.37,53.0,86.0,4671.69,Debit,ATM,Engineer,0
260.63,37.0,142.0,7534.73,Debit,Branch,Engineer,3
92.36000000000001,29.0,144.0,6353.14,Debit,ATM,Engineer,0
262.06,63.0,118.0,13587.52,Debit,Branch,Doctor,2
64.5,74.0,230.0,1351.2399999999998,Debit,ATM,Retired,3
253.55,28.0,85.0,2797.26,Debit,ATM,Engineer,0
408.28,21.0,125.0,1222.77,Credit,Branch,Student,1
175.94,57.0,89.0,3728.04,Debit,ATM,Retired,0
199.47,57.0,142.0,6067.44,Debit,Online,Doctor,2
51.06999999999999,63.0,133.0,4292.16,Debit,Branch,Retired,0
435.86,56.0,134.0,3801.82,Debit,ATM,Retired,3
74.73000000000002,64.0,162.0,6353.22,Credit,Branch,Retired,0
182.79,23.0,14.0,1251.85,Credit,Online,Student,1
628.36,44.0,108.0,11869.71,Debit,Online,Doctor,2
268.39,29.0,177.0,9409.43,Debit,Online,Doctor,3
362.27,80.0,47.0,6003.59,Debit,ATM,Retired,0
560.15,50.0,92.0,817.8299999999999,Credit,Online,Engineer,0
351.99,80.0,45.0,3663.64,Debit,ATM,Retired,0
132.36,28.0,160.0,319.64999999999964,Debit,Branch,Student,1
24.769999999999982,40.0,17.0,478.22999999999956,Credit,Online,Engineer,0
668.67,44.0,143.0,13446.81,Debit,Online,Doctor,2
80.24000000000001,53.0,58.0,8012.81,Credit,Branch,Doctor,2
8.649999999999977,68.0,198.0,4201.22,Debit,ATM,Retired,3
178.91,18.0,19.0,8870.89,Debit,ATM,Student,0
115.22,27.0,108.0,906.1999999999998,Debit,Branch,Engineer,0
161.63,46.0,276.0,9286.37,Debit,Online,Doctor,3
542.75,70.0,63.0,2224.08,Credit,Branch,Retired,0
317.47,67.0,16.0,14639.28,Credit,Online,Doctor,2
280.99,45.0,29.0,9733.59,Debit,Branch,Engineer,0
24.189999999999998,29.0,28.0,2756.2,Debit,ATM,Engineer,0
586.85,36.0,86.0,6655.15,Debit,ATM,Doctor,3
372.41,55.0,143.0,3233.87,Debit,ATM,Retired,3
63.170000000000016,20.0,148.0,1676.5699999999997,Debit,ATM,Student,1
383.69,54.0,285.0,8371.11,Debit,Online,Engineer,3
247.17,65.0,149.0,2611.64,Credit,Branch,Retired,0
48.78,18.0,136.0,552.0599999999995,Credit,Branch,Student,1
4.149999999999977,60.0,119.0,6017.36,Credit,Branch,Retired,0
60.99000000000001,34.0,58.0,7281.46,Debit,Branch,Engineer,0
408.19,26.0,241.0,6847.47,Debit,Branch,Engineer,3
524.6,58.0,76.0,13017.7,Debit,Branch,Doctor,2
108.95999999999998,26.0,247.0,7597.66,Debit,ATM,Student,3
70.03,63.0,49.0,7330.31,Debit,Branch,Retired,0
124.84,52.0,79.0,6711.78,Debit,Online,Retired,0
324.04,54.0,30.0,2248.06,Debit,ATM,Retired,0
39.69,70.0,163.0,3524.68,Debit,Online,Retired,0
157.7,58.0,46.0,8332.58,Credit,Branch,Engineer,0
81.26999999999998,22.0,68.0,1814.48,Credit,Online,Student,1
193.82,37.0,176.0,3886.77,Debit,Branch,Engineer,3
16.730000000000018,79.0,165.0,7591.13,Debit,Online,Retired,0
474.05,57.0,214.0,1484.31,Debit,ATM,Retired,3
39.21000000000001,66.0,245.0,9385.57,Debit,ATM,Doctor,2
637.75,79.0,152.0,4202.92,Debit,Branch,Retired,3
153.59,66.0,174.0,4813.12,Credit,Branch,Retired,3
186.6,18.0,139.0,9716.68,Debit,Branch,Student,1
644.08,24.0,55.0,1980.62,Debit,Online,Student,1
226.66,41.0,168.0,10216.25,Debit,Branch,Doctor,2
305.0,22.0,222.0,944.8299999999999,Debit,ATM,Student,1
233.1,42.0,37.0,7469.2,Credit,Branch,Doctor,2
793.13,68.0,76.0,13389.16,Debit,Online,Doctor,2
224.19,52.0,93.0,8475.47,Debit,ATM,Doctor,2
214.83,23.0,63.0,991.6900000000005,Credit,ATM,Student,1
163.46,63.0,111.0,6953.8,Credit,Branch,Retired,0
194.99,34.0,91.0,1370.0299999999997,Debit,Branch,Engineer,0
23.399999999999977,46.0,175.0,14851.28,Debit,ATM,Doctor,2
227.5,34.0,277.0,11505.35,Debit,Online,Doctor,3
259.9,26.0,100.0,914.2799999999997,Debit,Online,Student,1
59.50999999999999,36.0,55.0,9955.88,Credit,Online,Doctor,2
50.629999999999995,64.0,143.0,4732.81,Debit,Online,Retired,0
913.49125,20.0,91.0,530.8599999999997,Debit,Branch,Student,1
112.94,73.0,31.0,3807.84,Credit,Online,Retired,0
11.810000000000002,21.0,131.0,320.25,Debit,ATM,Student,1
329.14,55.0,14.0,12033.92,Debit,Branch,Doctor,2
154.24,61.0,82.0,6109.55,Debit,ATM,Retired,0
233.44,20.0,297.0,1691.88,Debit,Online,Student,1
141.8,18.0,116.0,1697.67,Debit,ATM,Student,1
209.03,55.0,126.0,8359.5,Debit,Branch,Engineer,2
913.49125,26.0,144.0,1629.12,Debit,ATM,Student,1
261.14,42.0,162.0,6100.08,Debit,ATM,Engineer,3
101.81,45.0,105.0,13872.03,Debit,ATM,Doctor,2
98.70999999999998,32.0,117.0,10095.23,Debit,ATM,Doctor,2
87.38,21.0,252.0,1504.9899999999998,Debit,Branch,Student,1
83.38999999999999,32.0,158.0,13182.11,Debit,Branch,Doctor,2
267.55,46.0,40.000000000000014,4330.04,Debit,Online,Engineer,0
870.05,29.0,39.0,905.25,Debit,ATM,Doctor,3
154.32,38.0,269.0,6972.5,Credit,ATM,Engineer,3
164.51,78.0,110.0,3553.69,Debit,Branch,Retired,0
758.12,69.0,90.0,6164.65,Debit,ATM,Retired,3
103.75999999999999,28.0,188.0,9626.14,Debit,Online,Engineer,3
583.92,55.0,139.0,6364.14,Debit,Online,Engineer,3
204.06,77.0,159.0,4351.83,Debit,Online,Retired,0
53.50999999999999,56.0,165.0,5773.5,Debit,Online,Retired,0
913.49125,30.0,262.0,9257.04,Debit,Branch,Engineer,3
52.94999999999999,68.0,14.0,6335.58,Credit,Online,Retired,0
120.17000000000002,49.0,105.0,5403.79,Debit,ATM,Doctor,2
220.8,31.0,28.0,8135.31,Debit,Online,Engineer,0
119.00999999999999,45.0,87.0,9798.26,Debit,ATM,Doctor,2
183.32,21.0,74.0,137.42000000000007,Debit,ATM,Student,1
858.8800000000001,60.0,227.0,7015.46,Debit,Online,Engineer,3
11.45999999999998,41.0,128.0,2356.71,Credit,Online,Engineer,0
61.370000000000005,75.0,164.0,4294.44,Debit,Branch,Retired,0
103.07999999999998,49.0,150.0,9251.38,Credit,Branch,Engineer,2
1.2099999999999795,55.0,196.0,7542.74,Debit,Branch,Retired,3
425.18,26.0,172.0,9880.71,Credit,Online,Engineer,3
60.96000000000001,52.0,238.0,6189.24,Debit,ATM,Retired,3
64.20999999999998,51.0,37.0,12540.18,Debit,ATM,Doctor,2
523.02,53.0,83.0,4586.11,Debit,Online,Retired,0
50.25999999999999,65.0,164.0,1519.38,Debit,Branch,Retired,0
110.07999999999998,19.0,95.0,1447.2600000000002,Debit,Branch,Student,1
54.47,23.0,34.0,1131.4199999999996,Credit,Branch,Student,1
79.75999999999999,68.0,115.0,10278.75,Debit,Online,Doctor,2
16.79000000000002,30.0,146.0,535.1499999999996,Credit,Online,Doctor,0
913.49125,18.0,62.0,859.8599999999997,Debit,Online,Student,1
68.62,29.0,157.0,13891.47,Debit,Branch,Doctor,2
157.16,20.0,280.0,1545.77,Debit,Branch,Student,1
643.38,18.0,105.0,1046.7399999999993,Credit,Online,Student,1
328.34,42.0,31.0,2840.45,Credit,Online,Engineer,0
72.68,69.0,44.0,6216.77,Debit,Online,Retired,0
354.76,51.0,279.0,10141.92,Debit,Branch,Doctor,3
793.8799999999999,22.0,252.0,1404.06,Credit,ATM,Student,1
29.22,27.0,69.0,7795.79,Debit,ATM,Engineer,0
653.97,37.0,100.0,3886.65,Debit,Online,Engineer,3
366.43,21.0,92.0,1560.4499999999998,Credit,Online,Student,1
120.86000000000001,33.0,162.0,13566.58,Debit,Online,Doctor,2
233.74,72.0,142.0,4749.54,Debit,Online,Retired,0
471.84,18.0,138.0,1044.33,Debit,ATM,Student,1
213.4,73.0,100.0,2012.2399999999998,Credit,Branch,Retired,0
254.21,48.0,46.0,2487.2,Debit,ATM,Engineer,0
577.73,37.0,63.0,14977.99,Debit,ATM,Doctor,2
170.26,27.0,265.0,1969.48,Debit,ATM,Student,1
337.73,78.0,107.0,7001.2,Debit,Online,Retired,0
330.61,64.0,113.0,2525.25,Credit,Branch,Retired,0
132.33,35.0,47.0,7457.94,Credit,ATM,Engineer,0
672.74,46.0,118.0,5386.52,Credit,Branch,Engineer,3
74.04000000000002,18.0,66.0,1690.23,Debit,Online,Student,1
197.18,28.0,135.0,3114.92,Debit,Online,Engineer,0
21.149999999999977,70.0,180.0,3466.74,Debit,Branch,Retired,0
218.37,62.0,105.0,9942.24,Debit,ATM,Doctor,2
590.01,29.0,140.0,9791.74,Debit,Online,Doctor,3
697.82,44.0,153.0,6824.0,Debit,Online,Engineer,3
302.76,38.0,88.0,8583.39,Debit,ATM,Engineer,0
148.0,20.0,35.0,1488.65,Debit,Branch,Student,1
22.25999999999999,19.0,56.0,5583.88,Debit,Branch,Student,1
0.8600000000000136,25.0,139.0,1357.2200000000003,Debit,ATM,Student,1
757.1,65.0,203.0,10553.23,Debit,Branch,Doctor,3
38.81,25.0,145.0,1619.6,Credit,Online,Student,1
76.50999999999999,49.0,120.0,9475.4,Credit,Online,Engineer,2
32.46000000000001,31.0,10.0,8656.18,Debit,Online,Doctor,0
913.49125,62.0,158.0,207.73999999999978,Credit,Branch,Doctor,3
20.639999999999986,22.0,59.0,949.3800000000001,Debit,Branch,Student,1
662.11,23.0,219.0,1996.38,Debit,Branch,Student,1
288.77,55.0,110.0,8836.51,Debit,ATM,Engineer,2
35.05000000000001,30.0,105.0,14330.47,Debit,Branch,Doctor,2
214.73,46.0,26.0,5368.42,Credit,ATM,Doctor,0
25.379999999999995,57.0,66.0,8616.05,Debit,Branch,Engineer,0
617.66,41.0,40.000000000000014,5906.58,Debit,ATM,Engineer,0
446.39,63.0,77.0,7863.6,Debit,ATM,Retired,0
377.92,33.0,204.0,2254.71,Debit,Branch,Engineer,3
11.04000000000002,30.0,43.0,6983.04,Debit,Online,Engineer,0
275.46,36.0,67.0,9697.75,Debit,ATM,Doctor,2
179.76,78.0,81.0,5909.52,Debit,Online,Retired,0
32.34,44.0,45.0,7847.62,Debit,Branch,Doctor,2
273.92,79.0,109.0,4543.56,Debit,Branch,Retired,0
375.45,19.0,32.0,1307.23,Debit,Branch,Student,1
388.98,23.0,155.0,1819.9099999999999,Debit,ATM,Student,1
492.84,25.0,38.0,577.6700000000001,Debit,ATM,Student,1
148.85,57.0,25.0,7802.36,Debit,ATM,Doctor,2
119.94999999999999,62.0,47.0,2596.61,Credit,Branch,Retired,0
391.66,50.0,103.0,2406.31,Debit,Branch,Engineer,0
185.99,41.0,53.0,402.4499999999998,Credit,Branch,Engineer,0
322.48,27.0,57.0,1238.4300000000003,Debit,ATM,Student,1
20.269999999999982,18.0,22.0,796.3500000000004,Debit,Branch,Student,1
280.61,47.0,129.0,7888.76,Debit,ATM,Engineer,3
199.02,61.0,269.0,4658.89,Debit,ATM,Retired,3
104.23000000000002,63.0,108.0,5009.29,Credit,Online,Retired,0
353.59,52.0,109.0,1822.3400000000001,Credit,Branch,Retired,0
55.860000000000014,39.0,68.0,5346.46,Debit,Online,Engineer,0
10.769999999999982,31.0,178.0,10704.95,Debit,ATM,Doctor,2
95.55000000000001,33.0,51.0,2434.74,Debit,Branch,Engineer,0
477.07,27.0,278.0,6568.07,Debit,Online,Engineer,3
9.100000000000023,52.0,63.0,2791.45,Credit,Online,Retired,0
21.410000000000025,57.0,99.0,658.9099999999999,Debit,Online,Doctor,0
278.28,28.0,26.0,1346.88,Debit,Branch,Student,1
388.1,73.0,40.000000000000014,3022.12,Credit,Online,Retired,0
215.39,27.0,216.0,1582.5500000000002,Debit,ATM,Student,1
194.37,66.0,161.0,14395.88,Debit,ATM,Doctor,2
37.69999999999999,20.0,109.0,1741.1,Debit,ATM,Student,1
19.589999999999975,64.0,122.0,1061.69,Debit,Branch,Retired,0
81.35,41.0,103.0,7192.45,Debit,Online,Engineer,0
314.54,58.0,228.0,9923.45,Credit,Branch,Engineer,3
466.64,58.0,11.0,10915.11,Debit,ATM,Doctor,2
397.01,22.0,100.0,719.5200000000004,Debit,ATM,Student,1
472.48,55.0,87.0,7128.82,Debit,Branch,Engineer,0
67.15,59.0,14.0,9028.49,Debit,Online,Doctor,2
102.67000000000002,79.0,119.0,4656.94,Debit,Branch,Retired,0
460.09,35.0,146.0,6990.64,Credit,Online,Doctor,3
453.49,66.0,147.0,6366.43,Debit,Branch,Doctor,2
267.17,26.0,170.0,1382.62,Debit,ATM,Student,1
111.25999999999999,66.0,43.0,14350.11,Debit,ATM,Doctor,2
121.17000000000002,68.0,158.0,12990.77,Debit,ATM,Doctor,2
213.28,51.0,94.0,4835.91,Debit,Branch,Retired,0
187.88,60.0,180.0,2154.58,Debit,ATM,Engineer,3
471.88,34.0,141.0,14833.34,Credit,Online,Doctor,2
83.79000000000002,57.0,47.0,5061.3,Debit,ATM,Engineer,0
212.14,72.0,105.0,7225.06,Debit,Branch,Retired,0
99.16,79.0,202.0,2607.58,Debit,Online,Retired,3
839.3300000000002,60.0,86.0,11538.97,Credit,Branch,Doctor,2
29.909999999999997,76.0,43.0,2834.84,Credit,Online,Retired,0
4.240000000000009,38.0,38.0,7822.73,Debit,Online,Engineer,0
50.28999999999999,58.0,64.0,7604.9,Credit,Online,Doctor,2
135.85,57.0,269.0,1480.3900000000003,Debit,Online,Retired,3
368.53,68.0,34.0,13696.31,Debit,Branch,Doctor,2
17.94999999999999,64.0,135.0,12344.9,Credit,Branch,Doctor,2
127.80000000000001,31.0,47.0,8630.99,Credit,Branch,Engineer,0
16.730000000000018,45.0,47.999999999999986,2202.62,Debit,Online,Engineer,0
317.12,44.0,80.0,14409.74,Debit,Branch,Doctor,2
476.63,79.0,115.0,4894.25,Debit,ATM,Retired,3
156.58,24.0,160.0,8981.61,Debit,Branch,Student,1
55.120000000000005,34.0,261.0,3791.99,Credit,Online,Engineer,3
15.740000000000009,27.0,38.0,690.1599999999999,Debit,Branch,Student,1
353.68,70.0,145.0,6777.12,Debit,Online,Retired,3
297.15,76.0,178.0,5449.37,Debit,Online,Retired,3
647.85,36.0,121.0,13779.97,Debit,Branch,Doctor,2
75.04000000000002,49.0,178.0,9648.6,Debit,ATM,Engineer,2
273.92,28.0,35.0,1029.1499999999996,Debit,Online,Student,1
215.8,51.0,66.0,3656.62,Credit,Branch,Retired,0
913.49125,41.0,248.0,6710.51,Debit,ATM,Engineer,3
420.6,26.0,55.0,1778.75,Debit,Branch,Student,1
688.36,23.0,22.0,5191.13,Credit,Branch,Student,1
285.18,55.0,150.0,14847.97,Credit,Branch,Doctor,2
213.55,63.0,15.0,5238.37,Debit,ATM,Doctor,2
463.11,51.0,159.0,10238.82,Credit,Branch,Doctor,2
150.03,73.0,176.0,7491.42,Debit,ATM,Retired,3
428.61,51.0,131.0,2116.36,Debit,Branch,Retired,3
309.56,58.0,147.0,972.04,Debit,Online,Doctor,3
377.08,26.0,71.0,6430.86,Credit,Branch,Student,1
77.25,68.0,157.0,14077.97,Debit,Branch,Doctor,2
146.92,64.0,272.0,3990.6,Debit,ATM,Retired,3
126.6,22.0,146.0,961.6499999999996,Debit,Branch,Student,1
101.34,24.0,46.0,703.2600000000002,Debit,ATM,Student,1
184.97,58.0,268.0,1156.67,Debit,Branch,Doctor,3
451.15,46.0,175.0,1356.4700000000003,Debit,ATM,Engineer,3
516.47,25.0,94.0,1305.06,Credit,ATM,Student,1
880.04,25.0,29.0,261.97000000000025,Debit,ATM,Student,1
353.69,59.0,163.0,9500.79,Debit,Online,Engineer,3
66.69,25.0,140.0,1210.3300000000004,Credit,Branch,Student,1
95.75,31.0,169.0,337.6199999999999,Debit,Branch,Engineer,0
43.91,27.0,86.0,1806.6800000000003,Debit,Online,Student,1
98.03,54.0,165.0,6323.45,Debit,Branch,Engineer,3
617.66,42.0,128.0,7155.95,Debit,ATM,Engineer,3
888.5700000000002,62.0,102.0,7896.14,Debit,Online,Retired,3
107.48000000000002,22.0,129.0,591.2299999999996,Debit,Branch,Student,1
36.56999999999999,62.0,69.0,2583.07,Debit,ATM,Retired,0
575.62,43.0,129.0,234.40999999999985,Debit,Online,Doctor,3
84.88999999999999,37.0,70.0,4735.61,Debit,ATM,Engineer,0
832.3,69.0,86.0,6617.52,Credit,Branch,Retired,3
180.65,22.0,38.0,816.0100000000002,Debit,Branch,Student,1
7.759999999999991,52.0,84.0,7393.11,Credit,Online,Retired,0
109.30000000000001,56.0,27.0,13510.11,Debit,Branch,Doctor,2
230.08,79.0,124.0,4466.1,Debit,Online,Retired,0
361.92,54.0,111.0,7474.31,Debit,ATM,Retired,0
71.29000000000002,68.0,55.0,7225.63,Debit,ATM,Retired,0
122.44999999999999,46.0,98.0,7255.49,Debit,Branch,Doctor,2
642.53,65.0,128.0,11417.91,Debit,ATM,Doctor,2
62.860000000000014,25.0,31.0,1040.4300000000003,Debit,Branch,Student,1
175.21,69.0,69.0,6039.04,Credit,ATM,Doctor,2
168.0,32.0,11.0,3498.58,Credit,Branch,Engineer,0
11.45999999999998,67.0,73.0,6628.75,Debit,Online,Retired,0
382.07,62.0,147.0,10156.09,Credit,Branch,Doctor,2
13.480000000000018,18.0,20.0,521.8800000000001,Debit,Online,Student,1
65.32,28.0,54.0,9165.02,Debit,ATM,Student,0
83.07,27.0,291.0,6704.76,Debit,Branch,Engineer,3
730.1,77.0,93.0,6384.05,Credit,Branch,Retired,3
85.31,62.0,27.0,6095.65,Debit,ATM,Retired,0
726.61,18.0,277.0,1008.7600000000002,Debit,ATM,Student,1
130.4,45.0,63.0,4381.24,Debit,Branch,Engineer,0
68.1,20.0,47.0,1382.8000000000002,Debit,ATM,Student,1
65.25999999999999,26.0,72.0,7380.63,Debit,Branch,Student,0
191.62,63.0,51.0,1981.67,Debit,Branch,Doctor,0
212.88,39.0,122.0,7036.72,Debit,Online,Doctor,2
88.38,30.0,138.0,3707.82,Debit,ATM,Engineer,0
48.77000000000001,42.0,51.0,2040.1599999999999,Credit,Online,Engineer,0
289.1,27.0,206.0,267.52999999999975,Debit,ATM,Student,1
390.09,26.0,49.0,2617.23,Debit,Online,Engineer,0
48.28999999999999,37.0,242.0,8883.4,Debit,Online,Engineer,3
333.83,63.0,135.0,1660.6599999999999,Debit,ATM,Retired,0
913.49125,67.0,79.0,2011.6,Debit,Branch,Retired,3
100.26999999999998,79.0,51.0,4309.9,Debit,Online,Retired,0
44.53999999999999,31.0,164.0,362.39999999999964,Debit,ATM,Engineer,0
913.49125,52.0,40.000000000000014,836.6900000000005,Credit,Online,Doctor,3
82.17000000000002,28.0,20.999999999999986,1913.06,Debit,Branch,Student,1
913.49125,19.0,150.0,563.46,Debit,Online,Student,1
447.42,32.0,65.0,6133.22,Debit,Online,Engineer,0
590.26,25.0,47.999999999999986,1068.2799999999993,Credit,Branch,Student,1
192.73,71.0,157.0,2037.75,Debit,Branch,Retired,0
146.01,26.0,269.0,221.78999999999996,Debit,Online,Student,1
136.05,24.0,63.0,1127.54,Debit,Online,Student,1
11.569999999999993,56.0,64.0,2061.61,Credit,Branch,Retired,0
102.34,51.0,78.0,9326.28,Debit,Online,Doctor,2
7.819999999999993,36.0,273.0,2240.49,Debit,ATM,Engineer,3
79.43,74.0,72.0,6579.37,Debit,ATM,Retired,0
386.97,58.0,137.0,1876.35,Debit,Branch,Retired,3
51.22,23.0,82.0,1664.5900000000001,Debit,Branch,Student,1
256.05,54.0,35.0,6910.18,Debit,ATM,Retired,0
7.7900000000000205,34.0,298.0,1319.85,Debit,Branch,Doctor,3
233.71,63.0,11.0,6095.5,Debit,Branch,Doctor,2
176.37,55.0,126.0,2420.86,Debit,Branch,Retired,0
122.63,21.0,153.0,359.0600000000004,Debit,Branch,Student,1
86.41,75.0,125.0,3128.71,Debit,ATM,Retired,0
21.569999999999993,54.0,71.0,7587.48,Debit,ATM,Retired,0
82.67000000000002,26.0,46.0,290.59000000000015,Debit,Branch,Student,1
451.35,47.0,223.0,7707.96,Credit,Branch,Engineer,3
299.42,63.0,53.0,4735.41,Credit,Branch,Retired,0
543.47,18.0,122.0,6165.03,Debit,ATM,Student,1
346.76,21.0,116.0,1637.75,Credit,Branch,Student,1
47.47999999999999,24.0,66.0,585.5200000000004,Debit,Branch,Student,1
64.92000000000002,58.0,236.0,5481.76,Debit,Branch,Engineer,3
350.72,28.0,47.999999999999986,1982.9,Credit,ATM,Student,1
3.8000000000000114,65.0,174.0,5766.96,Debit,Online,Doctor,2
22.54000000000002,26.0,42.0,7139.11,Debit,Online,Engineer,0
767.14,62.0,38.0,4732.57,Credit,Branch,Retired,0
167.47,35.0,103.0,2293.13,Debit,ATM,Engineer,0
43.650000000000006,30.0,212.0,2870.67,Credit,Branch,Engineer,3
391.08,56.0,105.0,6885.16,Debit,Online,Retired,0
390.77,44.0,34.0,5500.56,Debit,Online,Doctor,0
508.16,39.0,131.0,5609.44,Debit,ATM,Engineer,3
36.75999999999999,65.0,108.0,1228.9300000000003,Credit,Online,Retired,0
332.33,27.0,101.0,192.6300000000001,Debit,ATM,Student,1
362.09,32.0,31.0,6590.28,Debit,Branch,Engineer,0
42.579999999999984,30.0,80.0,13485.0,Debit,Online,Doctor,2
122.35,53.0,188.0,6472.5,Credit,Branch,Retired,3
248.66,28.0,113.0,2571.39,Debit,Online,Engineer,0
461.25,54.0,171.0,676.1000000000004,Credit,Online,Doctor,3
61.77000000000001,56.0,49.0,12352.2,Debit,Branch,Doctor,2
268.92,29.0,148.0,8765.38,Debit,Branch,Engineer,3
303.97,24.0,77.0,1590.88,Debit,Online,Student,1
219.02,54.0,68.0,7375.73,Credit,Online,Engineer,0
125.13999999999999,20.0,31.0,1845.1800000000003,Debit,Branch,Student,1
47.599999999999994,53.0,115.0,1382.5100000000002,Debit,Online,Engineer,0
592.82,74.0,248.0,7508.98,Debit,Online,Retired,3
372.5,22.0,211.0,3901.82,Debit,ATM,Student,1
4.720000000000027,32.0,20.0,4792.01,Debit,Branch,Engineer,0
144.93,42.0,74.0,6887.52,Debit,Branch,Engineer,0
316.56,28.0,261.0,8643.51,Debit,Online,Engineer,3
9.180000000000007,22.0,140.0,887.3199999999997,Debit,Online,Student,1
421.25,25.0,66.0,7174.69,Debit,Online,Student,1
185.71,48.0,194.0,2679.91,Debit,Branch,Engineer,3
913.49125,60.0,138.0,4315.07,Debit,Branch,Retired,3
26.269999999999982,45.0,177.0,8853.93,Credit,Online,Engineer,3
297.03,61.0,151.0,1088.6200000000003,Debit,Online,Retired,0
341.67,53.0,96.0,1442.29,Debit,Branch,Retired,0
99.51999999999998,52.0,127.0,3798.09,Debit,ATM,Engineer,0
881.1000000000001,28.0,16.0,9951.68,Debit,Branch,Student,0
139.69,52.0,180.0,9567.94,Debit,Online,Engineer,2
42.72,37.0,143.0,2669.66,Debit,ATM,Engineer,0
112.72,31.0,17.0,9630.0,Debit,Branch,Doctor,0
568.88,19.0,105.0,1307.8599999999997,Debit,Branch,Student,1
189.03,28.0,50.0,1916.46,Debit,ATM,Student,1
199.8,20.0,163.0,167.27999999999975,Debit,ATM,Student,1
189.08,68.0,238.0,10790.8,Debit,Branch,Doctor,2
913.49125,31.0,135.0,9977.49,Debit,Branch,Engineer,3
409.59,35.0,50.0,14563.02,Debit,Online,Doctor,2
349.34,28.0,245.0,614.1400000000003,Credit,ATM,Student,1
283.15,24.0,180.0,603.79,Debit,Online,Student,1
151.82,51.0,105.0,2197.12,Debit,ATM,Retired,0
438.59,37.0,103.0,8994.39,Debit,Online,Engineer,3
590.57,79.0,93.0,3224.6,Debit,ATM,Retired,0
63.74000000000001,63.0,31.0,4336.4,Debit,Online,Retired,0
77.01999999999998,59.0,132.0,800.8299999999999,Credit,Online,Doctor,0
501.15,47.0,208.0,8821.84,Debit,Branch,Engineer,3
913.49125,64.0,75.0,3173.17,Debit,ATM,Retired,3
8.949999999999989,76.0,102.0,3299.84,Debit,Online,Retired,0
173.6,21.0,160.0,421.4399999999996,Debit,Online,Student,1
149.4,53.0,123.0,1035.2200000000007,Debit,ATM,Retired,0
388.21,53.0,237.0,9724.49,Credit,Branch,Doctor,3
484.3,61.0,230.0,7910.3,Credit,Online,Retired,3
126.04000000000002,65.0,167.0,6041.69,Credit,Branch,Retired,0
52.03999999999999,50.0,31.0,8436.12,Credit,Branch,Doctor,2
389.7,62.0,216.0,7125.15,Credit,Branch,Doctor,3
161.1,19.0,104.0,239.1199999999999,Credit,ATM,Student,1
309.77,67.0,137.0,4378.14,Credit,Online,Retired,0
838.5700000000002,41.0,273.0,14576.47,Debit,ATM,Doctor,3
202.55,21.0,34.0,701.7299999999996,Debit,ATM,Student,1
724.18,41.0,134.0,10922.78,Debit,Branch,Doctor,2
124.98000000000002,24.0,78.0,642.0,Debit,ATM,Student,1
487.32,52.0,164.0,7707.96,Debit,Branch,Doctor,3
635.91,46.0,78.0,13267.09,Credit,Branch,Doctor,2
205.65,62.0,144.0,3582.16,Debit,Branch,Retired,0
39.41,25.0,132.0,921.9099999999999,Debit,Branch,Student,1
254.0,35.0,63.0,5788.53,Debit,Branch,Doctor,0
436.8,36.0,213.0,4515.43,Debit,Branch,Engineer,3
224.73,76.0,63.0,7551.89,Debit,Branch,Retired,0
752.69,65.0,115.0,14489.69,Credit,ATM,Doctor,2
78.5,31.0,41.0,13991.5,Credit,Branch,Doctor,2
50.0,53.0,87.0,185.8699999999999,Credit,ATM,Doctor,0
132.42,18.0,164.0,726.3900000000003,Debit,ATM,Student,1
11.670000000000016,76.0,105.0,7458.63,Debit,Branch,Retired,0
83.16,61.0,177.0,3065.87,Debit,ATM,Retired,0
149.02,46.0,176.0,9379.72,Credit,Branch,Engineer,3
74.26999999999998,59.0,148.0,13696.61,Credit,Online,Doctor,2
876.5700000000002,62.0,118.0,3743.63,Credit,ATM,Retired,3
615.58,42.0,133.0,14343.0,Debit,ATM,Doctor,2
643.03,36.0,52.0,2882.16,Credit,Online,Engineer,0
7.949999999999989,79.0,65.0,5631.2,Debit,ATM,Retired,0
270.92,77.0,143.0,4574.43,Credit,Branch,Retired,0
499.48,24.0,133.0,1242.62,Debit,ATM,Student,1
841.5,25.0,287.0,352.3100000000004,Credit,Branch,Student,1
138.82,77.0,53.0,3100.22,Debit,Online,Retired,0
231.46,60.0,83.0,4707.24,Credit,Branch,Engineer,0
292.08,72.0,32.0,7950.48,Debit,ATM,Retired,0
63.97999999999999,54.0,258.0,7954.12,Debit,Online,Doctor,3
235.21,67.0,74.0,5946.61,Debit,Branch,Doctor,2
201.73,57.0,78.0,6650.71,Debit,Online,Engineer,0
161.31,28.0,13.000000000000014,1268.67,Debit,ATM,Student,1
18.410000000000025,53.0,168.0,8287.54,Debit,Branch,Doctor,2
471.75,34.0,41.0,12948.5,Credit,Branch,Doctor,2
290.02,55.0,246.0,4746.71,Debit,Branch,Engineer,3
48.05000000000001,27.0,38.0,5334.97,Debit,Branch,Engineer,0
359.42,55.0,30.0,1765.4499999999998,Debit,Branch,Doctor,0
32.91,19.0,255.0,427.3000000000002,Debit,Online,Student,1
3.8000000000000114,67.0,140.0,6285.39,Debit,Branch,Retired,0
31.810000000000002,51.0,149.0,1406.6,Debit,Online,Retired,0
220.2,28.0,102.0,1075.15,Debit,Online,Student,1
476.03,77.0,99.0,5958.34,Credit,Branch,Retired,0
141.91,23.0,49.0,791.9700000000003,Debit,Branch,Student,1
95.82999999999998,27.0,91.0,1726.4,Debit,Online,Student,1
51.150000000000006,46.0,199.0,8992.25,Credit,Branch,Engineer,3
913.49125,60.0,103.0,7816.41,Credit,Branch,Retired,3
50.75,62.0,185.0,8271.47,Debit,ATM,Doctor,2
185.07,22.0,159.0,636.4200000000001,Debit,Branch,Student,1
293.54,40.0,45.0,2290.1,Debit,Online,Engineer,0
23.379999999999995,32.0,89.0,9968.49,Debit,Branch,Engineer,0
285.26,28.0,93.0,167.72000000000025,Debit,ATM,Student,1
129.48,31.0,179.0,7581.7,Debit,ATM,Engineer,3
743.03,50.0,174.0,4111.38,Debit,ATM,Engineer,3
297.86,28.0,96.0,1680.1400000000003,Credit,ATM,Student,1
231.92,66.0,12.0,5715.08,Debit,ATM,Doctor,2
295.82,47.0,46.0,5897.73,Credit,Branch,Engineer,0
302.86,55.0,275.0,5239.24,Debit,Online,Doctor,3
81.07999999999998,58.0,56.0,7788.91,Debit,ATM,Engineer,0
775.6,79.0,158.0,3898.64,Credit,Branch,Retired,3
178.43,26.0,136.0,1214.9300000000003,Debit,Branch,Student,1
211.91,20.0,181.0,927.4700000000003,Debit,Online,Student,1
17.20999999999998,23.0,219.0,914.1599999999999,Debit,Online,Student,1
124.22,23.0,172.0,9695.04,Debit,ATM,Student,1
38.370000000000005,63.0,135.0,8647.04,Debit,ATM,Doctor,2
269.79,52.0,17.0,1292.1,Debit,ATM,Engineer,0
605.42,21.0,33.0,392.34000000000015,Debit,ATM,Student,1
11.189999999999998,60.0,40.000000000000014,9877.17,Debit,ATM,Engineer,2
29.189999999999998,58.0,41.0,12059.85,Credit,Branch,Doctor,2
701.7,61.0,64.0,6643.24,Credit,Online,Retired,0
862.3400000000001,57.0,72.0,9903.48,Debit,Branch,Doctor,2
410.97,22.0,45.0,151.42000000000007,Debit,ATM,Student,1
36.97,41.0,79.0,2850.92,Debit,Branch,Engineer,0
137.59,30.0,95.0,10679.67,Debit,ATM,Doctor,2
168.11,51.0,12.0,10652.13,Credit,Online,Doctor,2
430.98,24.0,93.0,569.25,Debit,Branch,Student,1
13.870000000000005,24.0,20.0,954.8299999999999,Debit,Branch,Student,1
642.68,76.0,66.0,1831.1999999999998,Debit,ATM,Retired,0
175.07,28.0,169.0,9274.64,Debit,Online,Engineer,3
302.82,36.0,175.0,9384.54,Debit,ATM,Engineer,3
913.49125,67.0,52.0,1483.8400000000001,Debit,ATM,Retired,3
406.81,66.0,84.0,1968.3599999999997,Debit,Online,Retired,0
256.3,53.0,172.0,4203.05,Debit,Online,Retired,3
80.95999999999998,19.0,97.0,959.9400000000005,Credit,Online,Student,1
95.78,22.0,27.0,271.6400000000003,Debit,Online,Student,1
379.54,41.0,118.0,12571.76,Credit,Branch,Doctor,2
903.19,22.0,65.0,8627.08,Debit,Online,Student,1
142.19,18.0,27.0,524.46,Debit,Branch,Student,1
847.45,28.0,175.0,422.3199999999997,Debit,Branch,Student,1
295.18,66.0,31.0,12961.530000000002,Credit,Branch,Doctor,2
18.45999999999998,68.0,213.0,6381.6,Debit,Branch,Retired,3
603.23,28.0,47.999999999999986,117.97999999999956,Debit,Branch,Student,1
54.5,57.0,147.0,1715.2200000000003,Credit,Branch,Retired,0
414.77,29.0,274.0,5599.81,Debit,Online,Doctor,3
886.19,61.0,69.0,7904.24,Debit,Branch,Retired,3
440.03,49.0,88.0,1490.44,Debit,Online,Engineer,0
35.46000000000001,56.0,285.0,1532.7200000000003,Debit,ATM,Retired,3
76.38999999999999,18.0,219.0,5976.0,Debit,Branch,Student,1
595.91,19.0,162.0,1673.7600000000002,Credit,ATM,Student,1
6.029999999999973,76.0,70.0,3290.72,Debit,Branch,Retired,0
249.34,26.0,197.0,3030.97,Debit,ATM,Engineer,3
421.52,20.0,67.0,369.8599999999997,Debit,Branch,Student,1
189.77,58.0,24.0,6570.36,Debit,Branch,Engineer,0
73.19,76.0,213.0,2264.98,Debit,Branch,Retired,3
188.13,75.0,198.0,5029.87,Credit,Online,Retired,3
30.52000000000004,62.0,122.0,12327.74,Debit,Branch,Doctor,2
913.49125,20.0,118.0,420.25,Credit,Branch,Student,1
913.49125,41.0,150.0,6499.53,Debit,Online,Doctor,3
170.24,62.0,133.0,5172.99,Debit,Branch,Retired,0
56.620000000000005,54.0,121.0,8981.1,Debit,Branch,Doctor,2
53.139999999999986,34.0,70.0,7915.0,Debit,ATM,Doctor,0
587.23,27.0,144.0,500.84000000000015,Debit,Online,Student,1
146.15,43.0,75.0,13784.4,Debit,Branch,Doctor,2
21.269999999999982,62.0,114.0,7392.79,Credit,Online,Retired,0
913.49125,26.0,144.0,1134.7900000000004,Credit,ATM,Student,1
76.01999999999998,34.0,189.0,14765.41,Credit,Online,Doctor,2
170.19,27.0,156.0,745.8699999999999,Credit,Branch,Student,1
155.51,68.0,15.0,5360.19,Debit,ATM,Doctor,2
135.15,72.0,50.0,5878.14,Debit,Online,Retired,0
39.47999999999999,56.0,38.0,5889.51,Debit,ATM,Retired,0
451.68,33.0,15.0,4381.54,Debit,Online,Engineer,0
19.110000000000014,49.0,160.0,8478.46,Credit,Online,Engineer,0
355.0,26.0,33.0,185.47000000000025,Credit,Online,Student,1
427.69,43.0,236.0,2443.54,Debit,ATM,Engineer,3
254.86,23.0,102.0,699.8999999999996,Debit,Branch,Student,1
19.480000000000018,27.0,114.0,4739.59,Debit,ATM,Engineer,0
190.17,49.0,265.0,12893.85,Debit,ATM,Doctor,2
91.38,65.0,179.0,2402.58,Debit,ATM,Retired,0
206.63,59.0,128.0,7626.53,Credit,Online,Retired,0
93.22,52.0,52.0,1014.6300000000001,Debit,Online,Retired,0
547.98,28.0,171.0,1358.54,Debit,ATM,Student,1
641.06,23.0,25.0,1602.13,Debit,ATM,Student,1
314.55,27.0,19.0,1105.8900000000008,Credit,Branch,Student,1
836.45,61.0,63.0,1731.8900000000003,Debit,Online,Retired,3
913.49125,29.0,52.0,8692.47,Debit,ATM,Engineer,3
189.45,53.0,62.0,12578.75,Credit,Branch,Doctor,2
91.84,67.0,80.0,1712.4099999999999,Credit,Branch,Retired,0
609.52,78.0,169.0,3485.03,Debit,ATM,Retired,3
859.3,78.0,68.0,1146.7800000000002,Credit,Branch,Retired,3
100.00999999999999,50.0,63.0,6393.12,Debit,ATM,Doctor,2
28.78000000000003,40.0,51.0,680.5500000000002,Credit,Online,Doctor,0
111.07999999999998,70.0,83.0,7037.34,Debit,Online,Doctor,2
470.96,69.0,124.0,12991.03,Credit,Online,Doctor,2
52.22999999999999,28.0,96.0,105.01000000000022,Credit,Branch,Student,1
78.62,32.0,52.0,1360.85,Debit,Branch,Doctor,0
47.78999999999999,25.0,37.0,1649.92,Debit,Branch,Student,1
333.97,52.0,45.0,5237.36,Debit,Branch,Doctor,2
30.870000000000005,33.0,295.0,14348.65,Debit,ATM,Doctor,3
710.43,67.0,115.0,5625.55,Debit,Online,Retired,3
220.23,41.0,47.999999999999986,3438.02,Debit,ATM,Engineer,0
27.28000000000003,29.0,96.0,10668.24,Debit,ATM,Doctor,2
101.51999999999998,49.0,98.0,2018.9,Debit,ATM,Engineer,0
162.65,59.0,147.0,9500.95,Debit,ATM,Engineer,2
10.519999999999982,55.0,30.0,2472.99,Debit,ATM,Retired,0
270.72,38.0,37.0,6522.47,Debit,Branch,Doctor,0
202.34,20.0,134.0,1223.4499999999998,Debit,Online,Student,1
247.58,39.0,152.0,778.7399999999998,Debit,ATM,Engineer,3
686.17,61.0,96.0,2246.15,Debit,ATM,Retired,3
359.65,25.0,289.0,219.52999999999975,Credit,Online,Student,1
109.91,38.0,90.0,12896.06,Debit,Branch,Doctor,2
215.72,30.0,137.0,8697.11,Credit,Branch,Engineer,0
490.76,66.0,156.0,6414.11,Debit,Online,Retired,3
224.28,64.0,68.0,5767.51,Debit,Online,Retired,0
614.03,68.0,51.0,2815.86,Debit,ATM,Retired,0
608.79,55.0,157.0,2991.17,Debit,Online,Engineer,3
186.55,48.0,288.0,224.64999999999964,Debit,Branch,Engineer,3
840.1600000000001,20.0,68.0,1236.7600000000002,Credit,Branch,Student,1
203.34,60.0,66.0,13586.99,Debit,ATM,Doctor,2
90.88,26.0,284.0,7117.35,Debit,ATM,Engineer,3
60.110000000000014,61.0,122.0,7235.87,Credit,Branch,Retired,0
393.92,72.0,47.0,7318.64,Debit,Branch,Retired,0
19.389999999999986,43.0,45.0,9847.6,Debit,ATM,Doctor,2
557.41,80.0,49.0,2968.75,Credit,Online,Retired,0
57.06999999999999,31.0,99.0,9323.71,Credit,Online,Doctor,2
395.27,18.0,167.0,1764.08,Credit,Online,Student,1
289.05,75.0,116.0,5683.49,Debit,ATM,Retired,0
46.110000000000014,33.0,233.0,5225.73,Debit,Online,Doctor,3
335.5,63.0,47.0,6445.4,Debit,ATM,Retired,0
388.07,24.0,68.0,289.71000000000004,Debit,Online,Student,1
520.86,51.0,66.0,9200.74,Credit,Online,Engineer,2
787.41,25.0,39.0,300.8699999999999,Debit,Online,Student,1
31.69999999999996,48.0,121.0,743.8999999999996,Credit,ATM,Doctor,0
22.30000000000001,21.0,90.0,1200.35,Debit,ATM,Student,1
203.12,56.0,181.0,1562.3900000000003,Debit,ATM,Retired,3
315.94,49.0,172.0,7719.71,Credit,Branch,Doctor,2
192.23,54.0,39.0,2610.67,Debit,Online,Engineer,0
913.49125,66.0,51.0,2060.02,Debit,Online,Retired,3
0.2599999999999909,20.0,173.0,1833.67,Debit,Online,Student,1
210.77,71.0,161.0,5396.65,Debit,ATM,Retired,3
406.65,57.0,107.0,12995.7,Debit,ATM,Doctor,2
422.9,40.0,111.0,7616.43,Debit,ATM,Engineer,3
20.620000000000005,35.0,225.0,12500.8,Credit,ATM,Doctor,2
174.39,19.0,36.0,1127.0800000000004,Debit,ATM,Student,1
7.860000000000014,76.0,91.0,3621.98,Credit,Branch,Retired,0
61.97999999999999,49.0,44.0,5212.28,Debit,Online,Engineer,0
54.849999999999994,58.0,40.000000000000014,2727.45,Credit,Branch,Retired,0
204.7,49.0,95.0,5117.03,Debit,Branch,Doctor,2
16.55000000000001,26.0,159.0,6089.79,Debit,Branch,Engineer,0
91.32,58.0,77.0,2618.1,Debit,Branch,Engineer,0
195.49,31.0,212.0,11988.12,Debit,ATM,Doctor,2
49.620000000000005,55.0,111.0,3841.42,Debit,ATM,Engineer,0
487.16,28.0,84.0,321.21000000000004,Credit,Branch,Student,1
405.6,37.0,44.0,9754.73,Debit,Online,Engineer,0
512.95,57.0,143.0,9584.52,Debit,Branch,Engineer,3
345.94,31.0,163.0,7624.56,Debit,ATM,Doctor,3
356.56,47.0,52.0,2485.73,Debit,Online,Engineer,0
10.310000000000002,36.0,280.0,2137.9,Debit,Online,Engineer,3
211.69,30.0,111.0,6412.85,Debit,Branch,Doctor,0
221.49,23.0,196.0,707.25,Credit,Branch,Student,1
278.23,48.0,83.0,8300.54,Debit,Online,Engineer,0
116.88,45.0,263.0,7717.34,Debit,ATM,Doctor,3
328.77,39.0,247.0,6967.03,Credit,Online,Doctor,3
77.53,54.0,55.0,5158.6,Debit,Branch,Retired,0
421.74,67.0,103.0,12031.14,Debit,Online,Doctor,2
313.69,73.0,152.0,7093.68,Debit,Branch,Retired,3
411.72,29.0,153.0,8539.86,Debit,Branch,Doctor,3
508.73,59.0,89.0,7640.57,Debit,Branch,Retired,0
153.08,24.0,201.0,1292.21,Debit,ATM,Student,1
23.00999999999999,63.0,166.0,5958.75,Debit,Branch,Retired,0
69.28,25.0,129.0,708.7399999999998,Debit,Online,Student,1
51.25,28.0,66.0,1744.4,Credit,Branch,Student,1
407.65,25.0,263.0,273.77999999999975,Debit,ATM,Student,1
459.25,25.0,59.0,130.76000000000022,Debit,Branch,Student,1
301.56,49.0,118.0,10389.6,Debit,Branch,Doctor,2
17.670000000000016,63.0,91.0,1048.1800000000003,Debit,Online,Doctor,0
5.2900000000000205,32.0,132.0,12896.68,Credit,Online,Doctor,2
401.37,43.0,251.0,8208.54,Debit,Branch,Engineer,3
145.4,38.0,24.0,5244.49,Debit,Online,Engineer,0
556.34,37.0,46.0,11935.14,Debit,Online,Doctor,2
34.31,24.0,251.0,1484.7600000000002,Debit,ATM,Student,1
780.59,23.0,145.0,6513.34,Credit,Online,Student,1
282.65,35.0,161.0,13801.15,Debit,ATM,Doctor,2
305.27,68.0,147.0,12958.65,Debit,Online,Doctor,2
185.81,32.0,116.0,9588.71,Debit,Online,Doctor,2
66.00999999999999,49.0,179.0,3475.99,Debit,Online,Engineer,3
447.95,29.0,75.0,7544.4,Debit,Branch,Engineer,0
279.3,19.0,47.999999999999986,1193.6099999999992,Debit,ATM,Student,1
26.75,33.0,27.0,12063.77,Debit,Online,Doctor,2
611.15,27.0,121.0,892.8299999999999,Debit,ATM,Student,1
275.2,54.0,81.0,1230.12,Debit,Online,Engineer,0
427.79,18.0,189.0,1479.67,Debit,Branch,Student,1
469.13,54.0,139.0,1265.2799999999997,Credit,ATM,Doctor,3
102.81,76.0,47.0,3228.87,Debit,Branch,Retired,0
22.610000000000014,19.0,145.0,1111.67,Debit,Online,Student,1
68.28,56.0,293.0,3213.16,Debit,Online,Engineer,3
33.650000000000006,63.0,146.0,12719.93,Credit,Online,Doctor,2
362.68,63.0,137.0,2040.77,Credit,ATM,Retired,3
73.23000000000002,20.0,172.0,1309.85,Debit,Branch,Student,1
654.49,25.0,104.0,164.60999999999967,Credit,Online,Student,1
18.560000000000002,49.0,161.0,4230.37,Credit,Branch,Engineer,0
389.05,27.0,41.0,761.0,Debit,ATM,Student,1
7.3799999999999955,67.0,105.0,2923.83,Debit,Online,Retired,0
109.48000000000002,61.0,93.0,7372.47,Debit,Online,Retired,0
66.91,39.0,85.0,871.1000000000004,Debit,ATM,Doctor,0
335.48,45.0,155.0,3023.16,Debit,Branch,Engineer,3
38.139999999999986,19.0,174.0,1119.21,Debit,Online,Student,1
913.49125,60.0,173.0,11833.73,Debit,Branch,Doctor,3
360.02,68.0,68.0,6400.59,Debit,Online,Retired,0
567.71,63.0,80.0,13884.24,Debit,Online,Doctor,2
218.19,19.0,185.0,620.8299999999999,Debit,ATM,Student,1
209.99,19.0,40.000000000000014,1938.0100000000002,Debit,ATM,Student,1
11.019999999999982,19.0,280.0,964.79,Debit,Branch,Student,1
83.43,56.0,109.0,1870.1599999999999,Debit,Online,Retired,0
344.97,34.0,106.0,5577.94,Debit,Online,Doctor,0
172.29,36.0,283.0,8700.8,Debit,ATM,Engineer,3
195.54,60.0,255.0,2794.66,Debit,Online,Retired,3
101.23000000000002,45.0,87.0,6169.71,Debit,Online,Engineer,0
180.46,25.0,34.0,831.75,Debit,ATM,Student,1
692.55,53.0,109.0,2451.56,Debit,Branch,Retired,3
147.31,34.0,92.0,13625.52,Credit,Online,Doctor,2
107.48000000000002,20.0,103.0,1379.3900000000003,Debit,Branch,Student,1
913.49125,62.0,83.0,11498.01,Credit,Online,Doctor,2
81.50999999999999,25.0,97.0,865.4899999999998,Debit,Branch,Student,1
365.48,76.0,216.0,7147.4,Credit,Online,Retired,3
491.1,35.0,125.0,7833.85,Credit,Online,Engineer,3
452.8,80.0,151.0,4840.67,Debit,Branch,Retired,3
645.04,70.0,78.0,7361.47,Debit,Branch,Retired,0
169.28,45.0,114.0,5128.44,Debit,Branch,Doctor,2
88.42000000000002,62.0,91.0,12381.45,Debit,ATM,Doctor,2
155.53,29.0,66.0,4008.05,Debit,ATM,Engineer,0
913.49125,43.0,300.0,3493.13,Debit,Online,Engineer,3
39.24000000000001,77.0,106.0,6462.41,Debit,ATM,Retired,0
152.01,42.0,111.0,4625.12,Debit,ATM,Engineer,0
78.76999999999998,48.0,50.0,6470.57,Credit,ATM,Engineer,0
26.5,48.0,179.0,4854.83,Debit,Online,Engineer,0
83.62,48.0,146.0,12652.22,Debit,ATM,Doctor,2
142.78,68.0,150.0,11705.88,Debit,Branch,Doctor,2
55.99000000000001,35.0,95.0,932.6099999999997,Debit,ATM,Doctor,0
774.48,61.0,31.0,11613.58,Debit,Branch,Doctor,2
105.37,25.0,160.0,1068.5500000000002,Debit,ATM,Student,1
118.82999999999998,28.0,295.0,1616.3000000000002,Debit,Online,Student,1
46.22,23.0,217.0,471.27999999999975,Debit,Branch,Student,1
659.71,21.0,148.0,106.85999999999967,Credit,Branch,Student,1
377.97,72.0,160.0,2457.1,Debit,Online,Retired,3
114.1,69.0,148.0,5882.12,Debit,Branch,Retired,0
11.300000000000011,55.0,41.0,1938.9899999999998,Credit,Online,Retired,0
95.5,57.0,17.0,4079.09,Debit,Online,Retired,0
130.93,28.0,149.0,860.1199999999999,Credit,Branch,Engineer,0
272.97,68.0,174.0,7811.31,Debit,Online,Retired,3
73.35,24.0,47.0,1181.8400000000006,Debit,Branch,Student,1
29.93999999999997,58.0,243.0,10915.54,Debit,ATM,Doctor,2
307.24,19.0,136.0,1670.7200000000003,Debit,ATM,Student,1
50.52000000000001,20.0,140.0,1121.1899999999996,Debit,Online,Student,1
820.46,53.0,243.0,5621.86,Credit,Online,Engineer,3
153.07,56.0,116.0,8873.43,Debit,ATM,Engineer,2
52.94,41.0,146.0,6990.92,Debit,Branch,Doctor,2
384.41,60.0,65.0,7831.56,Debit,ATM,Engineer,0
235.42,51.0,175.0,6173.23,Debit,Branch,Retired,3
114.23000000000002,56.0,64.0,9523.72,Debit,ATM,Doctor,2
12.620000000000005,33.0,61.0,6420.47,Debit,Branch,Doctor,0
913.49125,23.0,145.0,1146.0900000000001,Debit,ATM,Student,1
373.52,35.0,235.0,6430.41,Debit,ATM,Engineer,3
336.05,28.0,164.0,1635.0500000000002,Debit,Branch,Student,1
366.93,66.0,33.0,6697.79,Debit,Online,Retired,0
112.26999999999998,58.0,102.0,7369.89,Debit,Branch,Doctor,2
494.96,40.0,132.0,6903.68,Debit,ATM,Engineer,3
561.58,65.0,23.0,11748.86,Debit,Online,Doctor,2
440.94,42.0,148.0,7303.23,Debit,Online,Doctor,3
71.9,29.0,51.0,10619.35,Debit,Branch,Doctor,2
256.66,54.0,137.0,1794.5,Credit,Online,Retired,0
166.55,59.0,99.0,12970.21,Credit,Branch,Doctor,2
276.26,56.0,143.0,120.89000000000033,Debit,Branch,Doctor,3
35.46000000000001,67.0,164.0,5692.31,Debit,ATM,Doctor,2
38.139999999999986,50.0,165.0,9879.87,Debit,Branch,Engineer,2
506.26,64.0,86.0,6266.65,Credit,ATM,Retired,0
736.32,31.0,28.0,14268.95,Debit,Online,Doctor,2
389.43,52.0,151.0,6449.83,Credit,ATM,Engineer,3
25.579999999999984,60.0,166.0,6741.41,Debit,ATM,Engineer,2
446.1,25.0,243.0,1008.4400000000005,Debit,ATM,Student,1
147.74,23.0,15.0,1711.7799999999997,Debit,Branch,Student,1
913.49125,26.0,254.0,1821.0,Debit,ATM,Student,1
46.22999999999999,77.0,282.0,5107.75,Debit,Online,Retired,3
265.37,33.0,77.0,5229.95,Debit,Branch,Engineer,0
342.57,20.0,91.0,339.15999999999985,Debit,Online,Student,1
417.26,32.0,45.0,10442.48,Credit,Online,Doctor,2
33.629999999999995,63.0,76.0,4324.4,Debit,Online,Retired,0
64.57999999999998,55.0,173.0,6292.29,Debit,Branch,Retired,0
23.230000000000018,21.0,122.0,269.0100000000002,Credit,Branch,Student,1
160.52,78.0,112.0,5379.25,Credit,ATM,Retired,0
278.88,64.0,179.0,1334.0900000000001,Debit,Branch,Doctor,3
285.49,53.0,109.0,6366.84,Credit,Branch,Doctor,2
71.87,22.0,258.0,1839.1,Debit,ATM,Student,1
308.8,53.0,41.0,3966.54,Debit,ATM,Retired,0
135.35,33.0,82.0,9983.36,Debit,Branch,Engineer,0
288.43,66.0,72.0,4577.09,Debit,Branch,Retired,0
147.46,65.0,205.0,7458.03,Credit,Online,Doctor,2
214.15,32.0,217.0,6397.29,Debit,Branch,Engineer,3
71.34,49.0,144.0,6345.03,Debit,Online,Engineer,0
170.36,30.0,118.0,6034.73,Debit,ATM,Doctor,0
913.49125,53.0,32.0,765.8099999999995,Debit,ATM,Engineer,0
736.53,55.0,120.0,9826.26,Debit,ATM,Engineer,3
213.42,45.0,17.0,3736.38,Debit,ATM,Engineer,0
94.09,27.0,203.0,646.8500000000004,Debit,Branch,Student,1
91.23000000000002,72.0,86.0,6385.12,Debit,ATM,Retired,0
263.92,57.0,233.0,4161.71,Credit,Branch,Retired,3
77.5,51.0,201.0,11079.77,Credit,Online,Doctor,2
3.6499999999999773,69.0,146.0,10017.11,Debit,Online,Doctor,2
43.879999999999995,26.0,251.0,1644.0900000000001,Credit,Online,Student,1
591.98,28.0,132.0,387.64999999999964,Debit,ATM,Student,1
224.79,18.0,129.0,528.3800000000001,Debit,Online,Student,1
64.30000000000001,55.0,67.0,7530.3,Debit,ATM,Retired,0
111.79000000000002,62.0,49.0,10887.59,Debit,Online,Doctor,2
913.49125,59.0,153.0,7104.61,Debit,ATM,Retired,3
613.7,61.0,37.0,7307.11,Credit,Branch,Retired,0
26.069999999999993,20.0,19.0,349.97999999999956,Debit,Branch,Student,1
170.45,60.0,199.0,2284.41,Debit,Branch,Engineer,3
344.27,22.0,123.0,1918.3599999999997,Debit,Branch,Student,1
872.72,22.0,288.0,503.0100000000002,Debit,Online,Student,1
292.95,37.0,56.0,1216.9099999999999,Debit,Branch,Engineer,0
28.439999999999998,18.0,243.0,1071.04,Debit,ATM,Student,1
209.02,21.0,74.0,187.89999999999964,Debit,ATM,Student,1
20.05000000000001,72.0,171.0,7145.67,Debit,ATM,Retired,0
175.02,28.0,71.0,1493.88,Debit,Online,Student,1
89.5,41.0,134.0,8658.95,Credit,Branch,Engineer,0
69.95999999999998,28.0,31.0,164.1199999999999,Debit,Branch,Student,1
146.51,53.0,68.0,7089.9,Debit,ATM,Engineer,0
376.78,21.0,88.0,841.6499999999996,Credit,Online,Student,1
148.54,71.0,107.0,5677.05,Credit,Branch,Retired,0
388.77,26.0,30.0,1658.4899999999998,Credit,Online,Student,1
100.38,63.0,49.0,10171.68,Debit,Branch,Doctor,2
137.23,64.0,63.0,13847.99,Debit,Branch,Doctor,2
870.3,51.0,229.0,3688.98,Debit,ATM,Retired,3
458.94,52.0,180.0,5619.95,Debit,Branch,Engineer,3
327.35,20.0,175.0,342.0799999999999,Credit,Branch,Student,1
757.15,53.0,38.0,4702.86,Debit,Online,Engineer,0
5.639999999999986,59.0,47.0,12703.24,Debit,Online,Doctor,2
47.22999999999999,73.0,160.0,6659.81,Credit,Online,Retired,0
239.41,42.0,248.0,7860.65,Credit,Online,Doctor,3
7.480000000000018,55.0,29.0,1275.1999999999998,Debit,ATM,Engineer,0
170.97,26.0,292.0,1265.27,Debit,Branch,Student,1
262.43,37.0,274.0,12841.01,Credit,Online,Doctor,3
659.15,22.0,204.0,1241.5900000000001,Debit,ATM,Student,1
31.529999999999973,25.0,283.0,874.9300000000003,Debit,Online,Student,1
111.66,48.0,140.0,5716.72,Credit,Online,Engineer,0
250.01,62.0,88.0,1541.48,Debit,ATM,Retired,0
554.15,49.0,108.0,14817.22,Debit,ATM,Doctor,2
598.66,32.0,222.0,2587.11,Credit,Branch,Engineer,3
28.379999999999995,55.0,98.0,173.69999999999982,Debit,Branch,Doctor,0
16.80000000000001,49.0,94.0,11847.07,Debit,ATM,Doctor,2
896.79,33.0,168.0,11146.74,Debit,Online,Doctor,3
159.0,49.0,38.0,369.78999999999996,Debit,ATM,Engineer,0
56.31,75.0,195.0,6396.08,Credit,Online,Retired,3
203.99,52.0,215.0,4840.31,Debit,Online,Retired,3
50.99000000000001,29.0,76.0,1334.6,Debit,Branch,Doctor,0
101.28,32.0,75.0,2774.35,Credit,Online,Engineer,0
299.92,27.0,122.0,1368.0,Debit,ATM,Student,1
77.54000000000002,67.0,73.0,4536.38,Debit,Online,Retired,0
18.350000000000023,21.0,78.0,1293.3900000000003,Debit,Branch,Student,1
732.53,26.0,116.0,441.53999999999996,Credit,ATM,Student,1
65.11000000000001,34.0,150.0,8485.14,Debit,ATM,Engineer,0
67.07,24.0,56.0,999.6199999999999,Credit,ATM,Student,1
137.48,55.0,47.0,14273.42,Debit,Branch,Doctor,2
398.36,22.0,56.0,1863.6999999999998,Debit,ATM,Student,1
469.46,20.0,149.0,8640.56,Debit,ATM,Student,1
37.579999999999984,57.0,182.0,259.4399999999996,Debit,ATM,Doctor,3
160.24,31.0,15.0,5526.97,Debit,ATM,Engineer,0
315.39,23.0,93.0,929.6000000000004,Credit,Branch,Student,1
434.17,21.0,148.0,5335.44,Debit,ATM,Student,1
165.91,26.0,84.0,587.1199999999999,Debit,ATM,Student,1
211.36,47.0,194.0,4760.34,Debit,Branch,Engineer,3
241.45,26.0,158.0,1594.04,Debit,Online,Student,1
23.24000000000001,68.0,129.0,13777.79,Debit,Branch,Doctor,2
70.88,74.0,176.0,1794.65,Credit,Branch,Retired,0
913.49125,66.0,111.0,7677.76,Debit,Online,Retired,3
314.52,80.0,229.0,7071.32,Debit,ATM,Retired,3
181.81,78.0,122.0,7525.73,Credit,Online,Retired,0
854.6400000000001,56.0,118.0,2989.25,Debit,Branch,Retired,3
261.19,64.0,52.0,7620.6,Debit,ATM,Retired,0
220.68,71.0,217.0,5549.2,Credit,Online,Retired,3
11.860000000000014,31.0,129.0,6782.61,Debit,Branch,Engineer,0
122.65,28.0,41.0,1968.5100000000002,Debit,Online,Student,1
395.16,56.0,17.0,5340.73,Debit,Online,Retired,0
704.69,51.0,150.0,3267.84,Debit,Online,Retired,3
369.89,69.0,69.0,6941.47,Debit,ATM,Retired,0
10.920000000000016,67.0,268.0,7567.2,Debit,ATM,Retired,3
199.14,31.0,36.0,7001.25,Debit,Branch,Engineer,0
109.43,70.0,140.0,1983.65,Debit,ATM,Retired,0
304.15,20.0,40.000000000000014,686.9099999999999,Debit,Branch,Student,1
620.54,28.0,98.0,213.35999999999967,Credit,Branch,Student,1
757.79,22.0,117.0,1443.02,Debit,Online,Student,1
122.81,52.0,12.0,8450.84,Debit,Branch,Doctor,2
96.25,61.0,171.0,7996.7,Debit,Online,Retired,0
913.49125,30.0,49.0,5567.98,Debit,ATM,Doctor,3
142.55,67.0,97.0,1262.6800000000003,Debit,Online,Doctor,0
35.94,23.0,141.0,1697.2799999999997,Credit,Branch,Student,1
24.860000000000014,58.0,292.0,2591.65,Debit,Branch,Engineer,3
103.07999999999998,60.0,109.0,12002.16,Debit,Online,Doctor,2
116.26999999999998,57.0,94.0,8726.92,Debit,Online,Engineer,2
363.84,73.0,118.0,5415.64,Debit,Online,Retired,0
34.74000000000001,59.0,72.0,3736.57,Credit,Online,Retired,0
64.00999999999999,19.0,240.0,1225.69,Credit,Branch,Student,1
108.75,50.0,23.0,14829.85,Debit,ATM,Doctor,2
50.900000000000006,28.0,150.0,1277.6999999999998,Credit,Online,Student,1
206.84,20.0,154.0,454.65999999999985,Debit,Branch,Student,1
37.400000000000006,20.0,84.0,1519.5100000000002,Debit,ATM,Student,1
154.21,46.0,75.0,8045.77,Debit,Online,Engineer,0
199.37,24.0,79.0,1331.3000000000002,Debit,Online,Student,1
410.49,25.0,134.0,1843.5699999999997,Credit,Branch,Student,1
913.49125,67.0,218.0,6601.5,Credit,Branch,Retired,3
18.230000000000018,56.0,28.0,8422.2,Debit,ATM,Engineer,0
398.7,47.0,276.0,7987.74,Debit,ATM,Doctor,3
122.13999999999999,22.0,155.0,327.6800000000003,Debit,Online,Student,1
378.2,40.0,167.0,7372.81,Debit,Branch,Engineer,3
124.74000000000001,49.0,33.0,2987.97,Debit,ATM,Engineer,0
17.100000000000023,53.0,101.0,1619.54,Debit,ATM,Retired,0
287.05,22.0,212.0,1204.65,Debit,ATM,Student,1
874.72,28.0,173.0,4630.58,Debit,Online,Engineer,3
913.49125,24.0,150.0,1380.3400000000001,Debit,ATM,Student,1
40.120000000000005,36.0,269.0,14304.38,Credit,ATM,Doctor,2
125.0,49.0,177.0,3215.76,Credit,Online,Engineer,3
348.44,24.0,147.0,1022.94,Debit,Online,Student,1
128.4,69.0,31.0,2610.64,Debit,ATM,Retired,0
320.93,55.0,178.0,9451.66,Debit,Online,Engineer,3
1.410000000000025,53.0,278.0,1244.17,Debit,ATM,Retired,3
50.52000000000001,54.0,293.0,12815.24,Debit,Branch,Doctor,2
383.95,31.0,143.0,9933.56,Credit,Online,Engineer,3
12.939999999999998,23.0,158.0,921.2299999999996,Debit,Branch,Student,1
329.75,56.0,211.0,6009.43,Debit,Online,Retired,3
913.49125,45.0,234.0,602.3599999999997,Debit,Online,Doctor,3
40.78999999999999,18.0,80.0,1769.33,Debit,ATM,Student,1
99.25,63.0,93.0,2570.34,Credit,Online,Retired,0
150.6,69.0,59.0,3240.14,Debit,ATM,Retired,0
29.49999999999997,73.0,129.0,1229.3199999999997,Debit,Online,Retired,0
54.34,65.0,46.0,8019.89,Debit,ATM,Doctor,2
18.25,53.0,18.0,14328.29,Debit,ATM,Doctor,2
633.87,27.0,175.0,330.15999999999985,Debit,Online,Student,1
81.15,19.0,114.0,1595.2600000000002,Debit,ATM,Student,1
83.94999999999999,75.0,170.0,7413.18,Debit,Online,Retired,0
410.4,61.0,78.0,2563.91,Credit,ATM,Retired,0
172.68,33.0,17.0,10724.95,Debit,ATM,Doctor,2
139.88,34.0,162.0,2969.71,Debit,ATM,Engineer,3
165.55,28.0,115.0,761.7799999999997,Debit,Branch,Student,1
53.78999999999999,54.0,137.0,6229.36,Credit,ATM,Engineer,0
285.69,63.0,35.0,2552.54,Debit,ATM,Retired,0
532.4,22.0,149.0,1033.73,Debit,ATM,Student,1
293.85,25.0,144.0,1919.9700000000003,Debit,Online,Student,1
27.939999999999998,79.0,120.0,1893.44,Debit,Branch,Retired,0
270.36,25.0,37.0,1783.04,Debit,ATM,Student,1
112.66,29.0,176.0,852.9799999999996,Debit,Online,Engineer,3
506.03,21.0,20.999999999999986,1123.8899999999999,Debit,Branch,Student,1
206.95,22.0,31.0,1817.65,Debit,Branch,Student,1
350.96,63.0,167.0,5463.94,Debit,ATM,Retired,3
261.63,20.0,150.0,477.02999999999975,Debit,Branch,Student,1
46.120000000000005,59.0,30.0,8874.01,Debit,Branch,Doctor,2
27.25,63.0,92.0,5365.2,Credit,Branch,Retired,0
913.49125,26.0,171.0,7858.41,Debit,Branch,Engineer,3
331.66,76.0,145.0,7216.3,Debit,ATM,Retired,3
667.95,62.0,253.0,13558.56,Credit,ATM,Doctor,3
49.84,49.0,146.0,7872.04,Debit,ATM,Doctor,2
556.04,72.0,27.0,5200.04,Debit,ATM,Retired,0
88.06,18.0,288.0,1779.85,Credit,Online,Student,1
745.95,58.0,127.0,13264.14,Debit,ATM,Doctor,2
67.25,19.0,157.0,467.39999999999964,Debit,Online,Student,1
93.63,29.0,141.0,9873.62,Debit,ATM,Engineer,0
74.11000000000001,22.0,49.0,1257.9,Debit,Branch,Student,1
41.129999999999995,77.0,58.0,6067.54,Credit,Branch,Retired,0
192.02,79.0,154.0,5169.07,Credit,Online,Retired,0
291.27,77.0,121.0,6878.86,Debit,Branch,Retired,0
296.46,23.0,136.0,558.9899999999998,Debit,Branch,Student,1
341.84,27.0,89.0,1400.04,Credit,Branch,Student,1
98.41,27.0,47.999999999999986,912.71,Debit,Online,Student,1
109.28,36.0,112.0,6338.35,Debit,Online,Engineer,0
27.50999999999999,40.0,103.0,13645.63,Credit,Online,Doctor,2
12.180000000000007,76.0,77.0,4909.24,Debit,Branch,Retired,0
207.71,25.0,63.0,570.1000000000004,Credit,Online,Student,1
25.769999999999982,45.0,277.0,11749.77,Credit,Online,Doctor,2
127.57,52.0,75.0,6118.2,Debit,ATM,Retired,0
392.05,60.0,172.0,4383.69,Debit,ATM,Engineer,3
521.01,41.0,73.0,4004.55,Credit,Branch,Engineer,0
849.76,25.0,269.0,373.8800000000001,Debit,ATM,Student,1
172.5,68.0,31.0,6851.16,Debit,Online,Doctor,2
265.44,30.0,169.0,9700.77,Debit,ATM,Engineer,3
152.34,55.0,115.0,6853.51,Debit,Branch,Doctor,2
21.129999999999995,28.0,153.0,948.6999999999998,Debit,Branch,Student,1
111.55000000000001,46.0,101.0,12221.17,Debit,ATM,Doctor,2
321.82,32.0,43.0,6500.5,Credit,Branch,Engineer,0
913.49125,45.0,279.0,9927.75,Credit,Branch,Engineer,3
148.77,67.0,175.0,2138.42,Debit,Branch,Retired,3
14.079999999999984,57.0,154.0,3908.65,Debit,Branch,Retired,0
913.49125,42.0,121.0,11041.9,Debit,ATM,Doctor,3
566.33,24.0,66.0,379.8199999999997,Credit,ATM,Student,1
206.51,51.0,275.0,3921.74,Debit,ATM,Retired,3
180.94,75.0,57.0,7659.99,Debit,Branch,Retired,0
77.9,21.0,128.0,664.7200000000003,Debit,Branch,Student,1
318.92,21.0,60.0,1167.2500000000005,Credit,Branch,Student,1
583.3,59.0,142.0,5896.01,Credit,Online,Engineer,3
100.68,63.0,139.0,1123.7500000000005,Debit,Online,Retired,0
589.64,62.0,210.0,2039.4,Debit,Online,Retired,3
225.93,25.0,199.0,1864.27,Credit,Branch,Student,1
651.55,72.0,82.0,2325.78,Debit,Online,Retired,0
80.97,38.0,157.0,5926.31,Debit,Online,Doctor,2
191.89,25.0,14.0,399.5699999999997,Debit,Branch,Student,1
304.75,78.0,125.0,1916.3400000000001,Credit,Branch,Retired,0
201.53,68.0,287.0,2732.86,Debit,Online,Retired,3
8.449999999999989,22.0,141.0,1115.3000000000002,Debit,ATM,Student,1
435.98,30.0,105.0,7334.08,Debit,Branch,Engineer,3
743.24,19.0,109.0,1024.19,Credit,Online,Student,1
16.269999999999982,57.0,44.0,10971.32,Debit,ATM,Doctor,2
290.86,45.0,36.0,14631.88,Debit,Online,Doctor,2
85.73000000000002,41.0,266.0,14928.35,Debit,ATM,Doctor,2
555.71,22.0,73.0,830.3699999999999,Credit,Branch,Student,1
40.03,23.0,200.0,6408.8,Debit,Branch,Student,1
73.00999999999999,25.0,62.0,1997.33,Credit,Online,Student,1
346.12,44.0,12.0,13084.27,Debit,Branch,Doctor,2
1.9300000000000068,47.0,175.0,5684.09,Debit,Branch,Doctor,2
252.93,75.0,222.0,2760.37,Debit,ATM,Retired,3
238.54,19.0,12.0,868.9099999999999,Debit,ATM,Student,1
913.49125,61.0,129.0,5838.91,Debit,Branch,Retired,3
58.69999999999999,67.0,141.0,8937.35,Debit,Branch,Doctor,2
7.560000000000002,40.0,145.0,8528.72,Debit,ATM,Doctor,2
540.4,45.0,272.0,425.77000000000044,Debit,Branch,Doctor,3
264.14,64.0,125.0,8459.26,Debit,ATM,Doctor,2
248.15,75.0,202.0,2649.23,Debit,ATM,Retired,3
24.339999999999975,54.0,110.0,6659.12,Debit,Branch,Engineer,0
428.61,66.0,62.0,11937.04,Debit,ATM,Doctor,2
117.66,39.0,126.0,6794.17,Credit,Branch,Doctor,2
165.8,60.0,287.0,2064.76,Debit,Online,Engineer,3
289.18,65.0,64.0,3139.75,Debit,ATM,Retired,0
125.38999999999999,21.0,140.0,202.6899999999996,Debit,ATM,Student,1
305.18,58.0,216.0,4474.2,Debit,Online,Retired,3
506.9,64.0,56.0,11471.87,Credit,Branch,Doctor,2
504.12,25.0,101.0,1107.2799999999997,Credit,Branch,Student,1
42.09,29.0,118.0,5526.28,Debit,Branch,Engineer,0
607.28,32.0,84.0,9679.68,Debit,ATM,Doctor,2
91.9,77.0,125.0,1033.9400000000005,Debit,Online,Retired,0
303.43,22.0,30.0,1833.2399999999998,Debit,Branch,Student,1
668.78,20.0,141.0,983.6800000000003,Debit,ATM,Student,1
270.54,20.0,139.0,269.77999999999975,Credit,ATM,Student,1
247.93,37.0,79.0,9801.48,Debit,Branch,Engineer,0
34.670000000000016,19.0,71.0,888.6000000000004,Debit,Online,Student,1
326.03,18.0,137.0,290.2399999999998,Credit,Online,Student,1
148.26,25.0,57.0,958.6999999999998,Debit,ATM,Student,1
913.49125,19.0,38.0,1605.67,Debit,Online,Student,1
373.99,60.0,140.0,8590.5,Debit,ATM,Doctor,2
254.34,49.0,79.0,5461.08,Debit,Online,Engineer,0
819.48,25.0,26.0,1804.5,Debit,ATM,Student,1
14.0,49.0,173.0,7975.18,Debit,ATM,Engineer,3
57.16,40.0,74.0,222.22000000000025,Debit,ATM,Engineer,0
282.26,37.0,278.0,6857.2,Debit,Online,Engineer,3
46.96000000000001,46.0,12.0,2028.92,Debit,Online,Engineer,0
473.2,34.0,173.0,248.52000000000044,Debit,Online,Doctor,3
192.97,59.0,140.0,3019.04,Debit,ATM,Retired,0
168.99,18.0,203.0,1523.5699999999997,Debit,ATM,Student,1
1.8199999999999932,80.0,60.0,5571.39,Debit,Online,Retired,0
40.900000000000006,55.0,37.0,1514.3400000000001,Debit,ATM,Doctor,0
78.91,61.0,157.0,1817.4300000000003,Debit,Online,Doctor,0
169.97,22.0,12.0,6269.12,Credit,ATM,Student,1
17.79000000000002,61.0,162.0,2281.9,Debit,Branch,Retired,0
486.61,48.0,130.0,2006.69,Credit,ATM,Engineer,3
148.13,58.0,56.0,2189.38,Debit,Branch,Retired,0
164.52,61.0,162.0,11036.74,Debit,ATM,Doctor,2
720.89,27.0,120.0,447.0600000000004,Debit,ATM,Student,1
268.7,53.0,63.0,2104.74,Debit,ATM,Retired,0
637.34,51.0,278.0,5183.5,Debit,ATM,Retired,3
216.76,47.0,138.0,643.6400000000003,Credit,Online,Engineer,0
418.02,46.0,110.0,11011.86,Debit,ATM,Doctor,2
292.03,46.0,154.0,951.3299999999999,Credit,ATM,Engineer,3
251.4,57.0,178.0,2561.67,Debit,ATM,Retired,3
184.56,21.0,93.0,1549.27,Debit,Online,Student,1
33.75999999999999,26.0,227.0,3253.51,Debit,Online,Engineer,3
253.46,45.0,60.0,1338.9499999999998,Debit,ATM,Engineer,0
913.49125,65.0,173.0,3910.59,Debit,ATM,Retired,3
138.68,22.0,44.0,206.19999999999982,Credit,Branch,Student,1
42.56,18.0,146.0,4361.44,Debit,Online,Student,1
680.76,21.0,165.0,572.9700000000003,Debit,Branch,Student,1
53.829999999999984,70.0,131.0,4580.59,Debit,Branch,Retired,0
11.089999999999975,51.0,95.0,2990.05,Debit,Branch,Engineer,0
37.81,63.0,195.0,5208.98,Debit,Branch,Retired,3
449.18,67.0,50.0,1025.9899999999998,Debit,Online,Retired,0
913.49125,30.0,250.0,13534.3,Debit,ATM,Doctor,3
297.6,39.0,162.0,1461.17,Debit,Online,Doctor,3
683.75,32.0,106.0,6333.72,Debit,Branch,Doctor,3
21.399999999999977,48.0,129.0,8551.6,Credit,Online,Engineer,0
315.94,78.0,93.0,4273.99,Debit,ATM,Retired,0
331.32,61.0,137.0,13054.54,Debit,Branch,Doctor,2
223.76,74.0,110.0,4102.23,Credit,Branch,Retired,0
216.03,42.0,300.0,10462.77,Debit,ATM,Doctor,3
17.420000000000016,74.0,150.0,6851.31,Debit,ATM,Retired,0
491.91,78.0,155.0,2421.94,Debit,Online,Retired,3
350.11,74.0,178.0,4639.04,Credit,Online,Retired,3
218.07,23.0,243.0,443.6199999999999,Debit,Branch,Student,1
291.09,48.0,73.0,6312.79,Debit,Branch,Engineer,0
422.14,26.0,109.0,1436.3199999999997,Credit,Branch,Student,1
613.21,61.0,157.0,3279.12,Debit,ATM,Retired,3
73.82999999999998,69.0,69.0,6020.29,Debit,Online,Doctor,2
67.32999999999998,59.0,36.0,5925.98,Debit,Online,Engineer,0
26.920000000000016,62.0,43.0,1674.94,Debit,ATM,Retired,0
18.30000000000001,48.0,155.0,3733.52,Debit,Online,Engineer,0
317.94,54.0,124.0,2996.51,Debit,ATM,Engineer,0
179.38,40.0,173.0,11666.18,Debit,Online,Doctor,2
913.49125,68.0,139.0,7006.46,Debit,Online,Doctor,3
13.920000000000016,37.0,209.0,2735.84,Debit,ATM,Engineer,3
365.43,25.0,176.0,1073.5099999999998,Debit,ATM,Student,1
263.59,71.0,16.0,6996.35,Debit,Branch,Retired,0
54.80000000000001,34.0,140.0,4943.49,Debit,Branch,Engineer,0
141.49,24.0,75.0,1665.58,Debit,Online,Student,1
31.389999999999986,20.0,15.0,998.4899999999998,Debit,ATM,Student,1
93.82,39.0,176.0,8422.06,Debit,Online,Engineer,3
5.7099999999999795,21.0,106.0,1285.42,Debit,Branch,Student,1
178.39,34.0,98.0,8469.43,Debit,Online,Engineer,0
126.91,22.0,42.0,692.6900000000005,Debit,ATM,Student,1
36.09,53.0,167.0,12319.26,Debit,Branch,Doctor,2
91.76999999999998,51.0,174.0,9240.73,Debit,Branch,Doctor,2
198.92,36.0,100.0,2854.66,Debit,Online,Engineer,0
137.81,58.0,44.0,2631.47,Debit,Branch,Engineer,0
136.88,24.0,71.0,7465.95,Credit,Branch,Student,1
133.07,21.0,155.0,1670.9899999999998,Debit,Branch,Student,1
1.1399999999999864,43.0,137.0,13913.92,Debit,Branch,Doctor,2
256.34,69.0,99.0,7471.63,Debit,Branch,Retired,0
56.110000000000014,36.0,109.0,11123.65,Debit,Branch,Doctor,2
118.1,50.0,50.0,7976.6,Debit,ATM,Engineer,0
137.86,66.0,120.0,8046.94,Credit,Online,Doctor,2
813.78,54.0,55.0,14935.5,Credit,ATM,Doctor,2
237.97,69.0,69.0,13486.15,Debit,ATM,Doctor,2
684.96,21.0,31.0,526.6700000000001,Debit,ATM,Student,1
878.6300000000001,60.0,139.0,4954.37,Debit,ATM,Engineer,3
276.56,68.0,15.0,8942.58,Debit,Branch,Doctor,2
8.75,79.0,199.0,4044.62,Debit,ATM,Retired,3
637.48,65.0,207.0,4148.85,Debit,Online,Retired,3
103.15,51.0,179.0,11388.15,Debit,Branch,Doctor,2
505.6,52.0,183.0,5347.57,Debit,Branch,Retired,3
371.86,46.0,91.0,1329.4499999999998,Debit,ATM,Doctor,0
14.259999999999991,50.0,37.0,2475.65,Debit,Branch,Engineer,0
13.160000000000025,43.0,98.0,1019.46,Debit,Branch,Engineer,0
167.92,40.0,136.0,14321.73,Debit,ATM,Doctor,2
73.00999999999999,56.0,101.0,2833.12,Debit,ATM,Retired,0
201.5,61.0,196.0,12148.32,Credit,Online,Doctor,2
150.3,41.0,204.0,14371.08,Debit,Online,Doctor,2
23.69999999999999,46.0,32.0,7947.44,Debit,ATM,Doctor,2
49.59,48.0,147.0,6037.03,Debit,Branch,Engineer,0
720.13,22.0,96.0,387.02000000000044,Credit,ATM,Student,1
134.92,19.0,101.0,1081.9700000000003,Debit,Online,Student,1
116.97,18.0,299.0,729.6999999999998,Debit,ATM,Student,1
11.060000000000002,34.0,13.000000000000014,2782.21,Debit,ATM,Engineer,0
88.29000000000002,50.0,287.0,5245.93,Credit,Online,Engineer,3
5.810000000000002,25.0,222.0,1290.9499999999998,Debit,ATM,Student,1
103.48000000000002,32.0,33.0,6494.25,Debit,ATM,Engineer,0
156.74,70.0,136.0,4004.35,Debit,ATM,Retired,0
505.14,68.0,179.0,2525.47,Debit,ATM,Retired,3
31.059999999999974,46.0,61.0,11014.25,Debit,ATM,Doctor,2
7.610000000000014,50.0,163.0,6275.0,Debit,ATM,Doctor,2
276.16,53.0,71.0,1733.3400000000001,Credit,ATM,Retired,0
145.77,68.0,237.0,5294.98,Debit,ATM,Retired,3
369.44,34.0,19.0,5018.67,Debit,Online,Engineer,0
558.86,60.0,95.0,9844.32,Debit,ATM,Doctor,2
429.15,26.0,218.0,712.1300000000001,Debit,Branch,Student,1
36.74000000000001,33.0,133.0,6217.58,Debit,Branch,Doctor,0
79.13999999999999,57.0,22.0,2229.56,Credit,Online,Retired,0
132.48,36.0,101.0,9313.05,Debit,Branch,Engineer,0
136.48,52.0,138.0,4618.53,Debit,Online,Engineer,0
203.76,55.0,37.0,6747.16,Debit,Branch,Retired,0
750.95,78.0,27.0,5134.37,Debit,Branch,Retired,0
0.839999999999975,52.0,31.0,2207.54,Debit,ATM,Engineer,0
257.18,67.0,28.0,13336.15,Debit,Online,Doctor,2
767.66,63.0,155.0,1801.69,Debit,ATM,Doctor,3
182.29,54.0,123.0,522.3900000000003,Debit,Online,Doctor,0
184.51,54.0,118.0,9381.64,Credit,Online,Doctor,2
451.31,62.0,166.0,2963.29,Debit,ATM,Retired,3
144.1,57.0,30.0,11523.64,Debit,Branch,Doctor,2
72.5,40.0,30.0,12723.62,Debit,ATM,Doctor,2
74.11000000000001,69.0,71.0,3920.11,Credit,Online,Retired,0
22.149999999999977,44.0,73.0,7451.83,Debit,Branch,Doctor,2
777.92,62.0,97.0,7061.58,Debit,Branch,Doctor,2
790.0700000000002,28.0,197.0,985.7700000000004,Debit,Online,Student,1
406.33,59.0,103.0,4298.34,Credit,Branch,Engineer,0
767.41,56.0,27.0,12799.34,Debit,ATM,Doctor,2
4.579999999999984,21.0,135.0,811.2399999999998,Credit,Online,Student,1
447.83,53.0,88.0,13273.08,Credit,Branch,Doctor,2
49.670000000000016,21.0,146.0,842.9400000000005,Debit,Online,Student,1
77.82999999999998,49.0,146.0,2471.53,Credit,Branch,Engineer,0
702.87,19.0,184.0,1237.5,Debit,ATM,Student,1
133.56,25.0,177.0,783.8299999999999,Debit,Online,Student,1
868.05,49.0,119.0,3931.03,Credit,Online,Engineer,3
52.870000000000005,24.0,70.0,960.96,Debit,Branch,Student,1
179.0,78.0,121.0,7310.88,Debit,ATM,Retired,0
913.49125,73.0,37.0,1385.7399999999998,Credit,Online,Retired,0
384.11,58.0,12.0,7902.52,Debit,ATM,Retired,0
227.61,71.0,61.0,4405.28,Debit,Online,Retired,0
40.829999999999984,48.0,24.0,3944.12,Debit,ATM,Engineer,0
19.75999999999999,20.0,240.0,1523.04,Debit,ATM,Student,1
484.24,67.0,77.0,8042.3,Debit,Branch,Doctor,2
494.66,33.0,110.0,5531.93,Debit,Online,Doctor,3
301.47,21.0,291.0,560.7299999999996,Debit,Branch,Student,1
199.09,70.0,89.0,1658.52,Debit,Online,Doctor,0
38.94999999999999,27.0,50.0,731.5200000000004,Debit,Online,Engineer,0
515.94,29.0,37.0,1389.8900000000003,Debit,ATM,Engineer,0
41.93000000000001,48.0,136.0,5081.26,Debit,ATM,Engineer,0
137.84,27.0,83.0,1000.3500000000004,Debit,ATM,Student,1
95.35,21.0,131.0,1639.9,Debit,Online,Student,1
93.13999999999999,67.0,151.0,5473.82,Debit,Online,Retired,0
913.49125,64.0,159.0,1729.2600000000002,Debit,Branch,Doctor,3
79.32999999999998,51.0,109.0,14798.1,Credit,Online,Doctor,2
76.88999999999999,55.0,132.0,7374.26,Debit,ATM,Doctor,2
233.71,19.0,297.0,1231.98,Debit,Online,Student,1
14.920000000000016,26.0,120.0,6611.26,Debit,Branch,Engineer,0
242.17,60.0,147.0,883.7200000000003,Debit,ATM,Doctor,3
122.98000000000002,79.0,228.0,5055.99,Debit,Online,Retired,3
129.35,52.0,130.0,7166.88,Debit,ATM,Engineer,0
138.33,21.0,69.0,232.5600000000004,Debit,Online,Student,1
39.31,25.0,178.0,1236.38,Debit,Online,Student,1
91.85,21.0,148.0,802.0900000000001,Debit,Online,Student,1
277.7,58.0,107.0,1423.1999999999998,Debit,Branch,Engineer,0
114.03,51.0,172.0,13388.56,Debit,ATM,Doctor,2
302.63,27.0,10.0,2801.28,Credit,Branch,Engineer,0
31.190000000000026,52.0,74.0,5545.96,Debit,ATM,Engineer,0
112.91,27.0,135.0,4764.48,Credit,Online,Engineer,0
742.26,27.0,36.0,7868.19,Debit,Online,Engineer,0
256.8,26.0,80.0,1128.3800000000006,Debit,ATM,Student,1
378.68,60.0,239.0,7627.04,Debit,ATM,Doctor,3
571.93,52.0,119.0,4026.03,Debit,Online,Retired,3
26.310000000000002,77.0,163.0,7095.76,Credit,Online,Retired,0
205.58,20.0,159.0,1501.9499999999998,Debit,Online,Student,1
533.61,48.0,115.0,3656.93,Debit,Online,Engineer,3
428.62,55.0,72.0,3473.24,Debit,Branch,Retired,0
361.22,64.0,167.0,7061.73,Debit,ATM,Retired,3
837.29,25.0,216.0,6012.67,Debit,Branch,Student,3
117.25,31.0,73.0,13694.68,Credit,Online,Doctor,2
135.27,48.0,131.0,9410.51,Debit,ATM,Doctor,2
185.1,53.0,23.0,6115.63,Debit,Branch,Retired,0
113.54000000000002,38.0,273.0,5581.21,Debit,Online,Engineer,3
354.96,69.0,96.0,6712.94,Debit,Online,Doctor,2
224.22,53.0,37.0,8400.87,Debit,Branch,Doctor,2
737.1,60.0,92.0,4644.19,Debit,ATM,Retired,3
223.22,27.0,96.0,1734.2200000000003,Debit,ATM,Student,1
557.26,69.0,53.0,5237.12,Debit,ATM,Doctor,2
913.49125,33.0,95.0,969.0599999999995,Debit,Online,Engineer,3
27.439999999999998,62.0,164.0,5950.48,Debit,ATM,Retired,0
310.09,36.0,166.0,9962.5,Debit,Branch,Doctor,2
80.38,52.0,116.0,9662.88,Debit,Online,Doctor,2
26.100000000000023,66.0,115.0,5243.0,Credit,Branch,Doctor,2
845.1400000000001,73.0,183.0,1702.65,Credit,Branch,Retired,3
59.72999999999999,27.0,56.0,800.9300000000003,Debit,ATM,Student,1
758.77,60.0,114.0,7231.47,Debit,ATM,Engineer,3
301.51,22.0,284.0,1052.31,Debit,ATM,Student,1
418.03,58.0,161.0,10721.29,Debit,Online,Doctor,2
118.06,32.0,31.0,13560.63,Credit,Branch,Doctor,2
483.92,70.0,115.0,3138.0,Debit,ATM,Retired,3
78.93,38.0,145.0,9916.24,Debit,ATM,Doctor,2
36.629999999999995,75.0,261.0,7941.73,Debit,ATM,Retired,3
87.85,49.0,63.0,3753.24,Debit,Branch,Engineer,0
913.49125,31.0,55.0,9733.83,Debit,Online,Doctor,2
705.34,59.0,124.0,5003.22,Debit,Online,Doctor,3
146.55,54.0,124.0,4087.44,Debit,Online,Retired,0
116.88999999999999,71.0,226.0,4880.31,Debit,Online,Retired,3
106.41,57.0,87.0,1310.38,Debit,Branch,Retired,0
913.49125,78.0,103.0,2513.51,Debit,ATM,Retired,3
584.41,23.0,41.0,4475.22,Debit,ATM,Student,1
584.98,55.0,121.0,6521.05,Credit,Branch,Retired,3
79.20999999999998,56.0,140.0,1615.04,Debit,Branch,Retired,0
173.13,20.0,288.0,1490.3400000000001,Credit,Online,Student,1
335.7,80.0,57.0,6601.44,Debit,ATM,Retired,0
913.49125,50.0,109.0,8611.17,Credit,Online,Doctor,3
422.81,28.0,193.0,1929.2799999999997,Debit,Branch,Student,1
135.43,57.0,92.0,5315.83,Debit,ATM,Retired,0
584.88,26.0,121.0,548.4499999999998,Debit,ATM,Student,1
308.94,25.0,167.0,1931.6599999999999,Debit,Online,Student,1
295.93,36.0,117.0,1050.63,Debit,Branch,Doctor,0
913.49125,19.0,50.0,9963.39,Debit,Online,Student,1
77.44,58.0,268.0,1950.63,Debit,Branch,Retired,3
92.5,40.0,70.0,6295.45,Credit,Online,Engineer,0
97.74000000000001,41.0,137.0,4113.63,Credit,Online,Engineer,0
291.68,21.0,90.0,1451.02,Debit,ATM,Student,1
56.96000000000001,22.0,135.0,1597.85,Debit,ATM,Student,1
436.8,27.0,92.0,1256.33,Debit,Online,Student,1
259.49,72.0,292.0,7320.61,Debit,Online,Retired,3
726.26,57.0,147.0,2150.38,Debit,Online,Retired,3
568.68,72.0,101.0,2940.04,Debit,ATM,Retired,3
77.57,49.0,225.0,12801.93,Debit,Online,Doctor,2
913.49125,29.0,40.000000000000014,4272.41,Debit,Online,Engineer,3
14.160000000000025,74.0,290.0,5399.76,Credit,Branch,Retired,3
913.49125,61.0,47.999999999999986,2467.39,Credit,Branch,Retired,3
61.329999999999984,27.0,129.0,7537.4,Debit,ATM,Engineer,0
27.639999999999986,54.0,23.0,7498.51,Debit,Online,Engineer,0
3.8500000000000227,29.0,32.0,10506.41,Debit,ATM,Doctor,2
431.22,73.0,129.0,6505.98,Credit,Branch,Retired,3
178.55,55.0,67.0,7568.4,Debit,Branch,Engineer,0
248.76,18.0,56.0,546.46,Debit,ATM,Student,1
76.16,23.0,99.0,1072.2500000000005,Debit,ATM,Student,1
347.25,69.0,250.0,7273.55,Debit,ATM,Doctor,3
28.04000000000002,57.0,146.0,11197.54,Debit,ATM,Doctor,2
325.98,19.0,277.0,782.3500000000004,Debit,ATM,Student,1
249.56,76.0,246.0,4444.95,Debit,Branch,Retired,3
17.430000000000007,56.0,33.0,10658.88,Debit,ATM,Doctor,2
198.01,26.0,40.000000000000014,250.9300000000003,Credit,Branch,Student,1
585.58,23.0,55.0,1729.02,Debit,Branch,Student,1
434.67,27.0,124.0,1298.13,Credit,Online,Student,1
510.7,27.0,294.0,5828.48,Credit,Online,Student,3
331.98,74.0,12.0,7600.99,Debit,ATM,Retired,0
199.54,56.0,268.0,9603.73,Debit,Online,Engineer,3
212.97,59.0,178.0,4180.4,Debit,Online,Engineer,3
270.56,23.0,139.0,1268.44,Debit,Online,Student,1
306.37,26.0,120.0,9609.67,Debit,ATM,Engineer,3
643.02,38.0,85.0,11989.39,Credit,ATM,Doctor,2
98.48000000000002,47.0,12.0,9538.92,Debit,Branch,Engineer,0
889.01,36.0,169.0,4826.88,Debit,Online,Engineer,3
537.86,27.0,134.0,293.0600000000004,Debit,Online,Student,1
241.18,25.0,162.0,1445.5299999999997,Debit,ATM,Student,1
130.54,64.0,94.0,11204.62,Debit,ATM,Doctor,2
800.29,20.0,84.0,693.3999999999996,Credit,Branch,Student,1
8.810000000000002,57.0,165.0,13523.65,Debit,Online,Doctor,2
28.519999999999982,20.0,163.0,662.5100000000002,Debit,ATM,Student,1
431.31,23.0,99.0,342.72999999999956,Credit,Online,Student,1
885.3300000000002,47.0,59.0,7764.16,Credit,ATM,Engineer,3
199.23,29.0,54.0,9834.0,Debit,ATM,Engineer,0
42.25999999999999,44.0,171.0,268.77000000000044,Debit,ATM,Doctor,0
166.06,30.0,172.0,5397.68,Debit,ATM,Engineer,3
357.72,53.0,25.0,7659.5,Debit,ATM,Retired,0
588.37,28.0,284.0,1926.08,Debit,Online,Student,1
72.82,68.0,127.0,6911.62,Debit,Online,Doctor,2
162.36,36.0,147.0,7527.04,Debit,Online,Engineer,0
584.82,43.0,109.0,12071.1,Credit,Online,Doctor,2
38.150000000000006,72.0,129.0,1425.4700000000003,Credit,Online,Retired,0
477.54,23.0,52.0,1598.63,Credit,ATM,Student,1
639.57,60.0,43.0,11726.47,Debit,Branch,Doctor,2
58.22999999999999,28.0,34.0,9189.76,Debit,Online,Student,0
776.21,78.0,99.0,4895.87,Credit,Online,Retired,3
248.76,21.0,117.0,6178.77,Debit,Branch,Student,1
188.61,67.0,26.0,7167.57,Debit,Online,Retired,0
675.37,56.0,31.0,4704.91,Credit,Online,Retired,0
94.82,67.0,56.0,1267.7200000000003,Credit,Branch,Retired,0
425.18,59.0,135.0,5790.55,Credit,Online,Engineer,3
50.28,60.0,65.0,5729.1,Debit,Branch,Engineer,0
864.72,34.0,58.0,7379.38,Credit,Branch,Engineer,3
70.68,25.0,105.0,1478.4099999999999,Debit,Online,Student,1
261.77,28.0,46.0,824.71,Debit,Online,Student,1
183.22,27.0,63.0,1024.4200000000005,Debit,ATM,Student,1
58.31999999999999,29.0,275.0,6027.49,Credit,Branch,Engineer,3
156.86,51.0,102.0,14453.35,Debit,ATM,Doctor,2
120.67000000000002,42.0,233.0,5374.54,Debit,ATM,Doctor,3
308.62,59.0,101.0,9148.08,Credit,Branch,Engineer,2
506.81,59.0,41.0,2757.23,Debit,ATM,Engineer,0
328.39,41.0,108.0,2523.83,Debit,ATM,Engineer,0
796.3,67.0,64.0,1498.79,Debit,Branch,Retired,0
72.47,29.0,72.0,1305.56,Debit,Online,Doctor,0
279.6,25.0,131.0,1910.9,Debit,ATM,Student,1
304.2,25.0,102.0,423.6400000000003,Debit,Online,Student,1
351.38,64.0,20.999999999999986,7606.63,Debit,Branch,Retired,0
86.07,31.0,23.0,842.5599999999995,Debit,Branch,Doctor,0
604.5,28.0,80.0,709.4200000000001,Debit,ATM,Student,1
258.7,27.0,123.0,1358.37,Debit,ATM,Student,1
913.49125,61.0,158.0,13538.14,Debit,Online,Doctor,2
11.45999999999998,75.0,64.0,7258.33,Credit,Branch,Retired,0
63.75999999999999,69.0,100.0,4980.26,Debit,ATM,Retired,0
446.83,55.0,143.0,1623.5,Credit,Branch,Retired,3
63.53999999999999,26.0,136.0,4401.78,Debit,ATM,Engineer,0
81.11000000000001,48.0,110.0,2051.37,Debit,Online,Engineer,0
441.26,58.0,87.0,13704.92,Credit,Branch,Doctor,2
170.96,64.0,69.0,13374.89,Debit,Branch,Doctor,2
48.50999999999999,22.0,69.0,3363.23,Debit,Branch,Student,1
325.03,60.0,106.0,13521.76,Debit,Branch,Doctor,2
125.82999999999998,57.0,138.0,6109.86,Debit,ATM,Retired,0
506.83,37.0,45.0,9975.79,Debit,Branch,Engineer,0
738.94,41.0,173.0,13856.18,Debit,Branch,Doctor,2
180.36,33.0,55.0,9905.23,Credit,Online,Engineer,0
225.1,28.0,35.0,1547.71,Debit,ATM,Student,1
359.51,79.0,157.0,7153.72,Debit,Online,Retired,3
720.46,54.0,44.0,3101.54,Debit,Branch,Retired,0
913.49125,56.0,104.0,1393.1400000000003,Debit,ATM,Retired,3
291.46,57.0,135.0,7142.53,Debit,ATM,Retired,0
913.49125,23.0,73.0,325.14999999999964,Debit,Branch,Student,1
98.24000000000001,28.0,148.0,580.6599999999999,Debit,Online,Student,1
100.48000000000002,18.0,104.0,6149.81,Credit,Branch,Student,1
45.900000000000006,56.0,264.0,5698.25,Debit,Branch,Engineer,3
258.21,39.0,225.0,9562.41,Debit,Online,Doctor,3
913.49125,53.0,211.0,2038.31,Debit,Online,Engineer,3
287.51,22.0,255.0,187.64999999999964,Debit,Online,Student,1
501.3,26.0,146.0,8520.08,Credit,Online,Engineer,3
26.100000000000023,27.0,32.0,1435.7200000000003,Debit,ATM,Student,1
436.77,20.0,176.0,825.6900000000005,Debit,ATM,Student,1
292.38,68.0,224.0,5803.89,Debit,ATM,Doctor,3
913.49125,53.0,165.0,3134.4699999999993,Debit,Branch,Retired,3
25.29000000000002,50.0,125.0,5374.69,Debit,Online,Engineer,0
123.35,31.0,10.0,6852.16,Credit,Online,Doctor,0
139.52,23.0,31.0,1570.2200000000003,Debit,Branch,Student,1
51.19999999999999,18.0,83.0,730.6000000000004,Debit,Online,Student,1
122.85,47.0,127.0,13185.39,Credit,Online,Doctor,2
161.38,24.0,101.0,3900.34,Credit,Online,Student,1
2.509999999999991,63.0,32.0,4891.56,Debit,Online,Retired,0
22.620000000000005,64.0,102.0,7682.0,Debit,ATM,Doctor,2
126.82999999999998,57.0,39.0,6100.98,Debit,Branch,Retired,0
46.599999999999994,55.0,68.0,1562.9,Debit,Online,Doctor,0
243.8,57.0,47.999999999999986,13732.81,Debit,Branch,Doctor,2
231.51,60.0,96.0,5790.7,Credit,Branch,Retired,0
175.05,39.0,34.0,1447.35,Debit,Online,Engineer,0
762.74,64.0,244.0,207.10000000000036,Debit,ATM,Doctor,3
34.03,57.0,38.0,3077.2,Debit,Branch,Engineer,0
15.949999999999989,25.0,52.0,1983.0,Debit,Branch,Student,1
913.49125,57.0,107.0,3120.1,Debit,ATM,Engineer,3
101.50999999999999,46.0,199.0,3052.47,Credit,Online,Engineer,3
309.42,27.0,42.0,8564.46,Debit,Branch,Engineer,0
257.6,59.0,293.0,7950.74,Credit,Online,Retired,3
746.78,21.0,64.0,1699.81,Credit,Branch,Student,1
82.00999999999999,23.0,156.0,287.46000000000004,Credit,Branch,Student,1
476.99,23.0,187.0,1154.4799999999996,Debit,Online,Student,1
320.11,23.0,130.0,4076.48,Debit,Branch,Student,1
333.39,68.0,35.0,10628.59,Debit,ATM,Doctor,2
10.300000000000011,47.0,197.0,7801.32,Debit,ATM,Engineer,3
737.46,53.0,75.0,634.1599999999999,Credit,Branch,Doctor,3
416.55,33.0,73.0,922.96,Debit,Online,Engineer,0
84.91,18.0,68.0,1671.8599999999997,Debit,Online,Student,1
98.94999999999999,75.0,73.0,5670.82,Debit,Branch,Retired,0
18.139999999999986,58.0,47.999999999999986,6020.85,Credit,ATM,Retired,0
913.49125,51.0,108.0,6180.3,Debit,ATM,Doctor,3
215.13,46.0,114.0,3956.69,Debit,Online,Engineer,0
218.57,62.0,102.0,13869.86,Credit,Branch,Doctor,2
341.88,43.0,89.0,4159.52,Debit,ATM,Engineer,0
691.92,19.0,61.0,1084.65,Debit,Online,Student,1
50.43000000000001,32.0,51.0,9794.26,Debit,Branch,Doctor,2
440.43,78.0,23.0,5123.24,Debit,Branch,Retired,0
299.03,39.0,52.0,1381.2799999999997,Debit,Branch,Engineer,0
1.9800000000000182,66.0,170.0,11619.1,Debit,ATM,Doctor,2
173.45,31.0,161.0,9077.62,Debit,ATM,Engineer,3
438.76,22.0,73.0,1824.19,Debit,Branch,Student,1
519.62,71.0,40.000000000000014,4159.33,Credit,Online,Retired,0
738.68,50.0,124.0,14352.33,Debit,Online,Doctor,2
151.14,64.0,38.0,2156.54,Debit,Online,Retired,0
75.76999999999998,51.0,148.0,8361.7,Debit,Branch,Engineer,2
444.52,27.0,17.0,5424.6,Debit,Online,Engineer,0
5.2900000000000205,52.0,276.0,11263.89,Debit,Online,Doctor,2
97.63,48.0,127.0,12467.31,Credit,Online,Doctor,2
256.95,26.0,71.0,2531.24,Debit,Branch,Engineer,0
734.86,48.0,290.0,6242.03,Credit,Branch,Engineer,3
913.49125,36.0,107.0,11565.97,Debit,ATM,Doctor,3
84.28,39.0,142.0,13586.06,Debit,Branch,Doctor,2
913.49125,24.0,95.0,1161.8400000000001,Debit,ATM,Student,1
202.49,48.0,69.0,7447.1,Credit,ATM,Engineer,0
154.99,25.0,53.0,1419.31,Debit,Branch,Student,1
481.53,58.0,277.0,6142.54,Debit,Branch,Retired,3
172.92,20.0,212.0,416.3699999999999,Debit,Online,Student,1
275.59,53.0,238.0,6313.22,Credit,Branch,Retired,3
207.2,60.0,133.0,8092.94,Debit,Online,Engineer,2
136.82,31.0,14.0,6229.13,Debit,Branch,Engineer,0
624.0,26.0,132.0,4976.18,Debit,Branch,Engineer,3
179.38,30.0,28.0,8741.51,Debit,Online,Engineer,0
10.149999999999977,59.0,58.0,7155.04,Debit,ATM,Doctor,2
26.30000000000001,32.0,33.0,7473.73,Debit,ATM,Doctor,0
319.5,29.0,69.0,2366.3,Credit,Branch,Engineer,0
182.42,51.0,137.0,3051.29,Debit,Branch,Retired,0
716.62,44.0,241.0,6987.4,Debit,ATM,Doctor,3
222.96,65.0,150.0,7370.41,Credit,ATM,Doctor,2
79.76999999999998,68.0,167.0,5010.31,Debit,ATM,Retired,0
431.08,59.0,25.0,6760.22,Debit,Branch,Retired,0
592.24,52.0,140.0,9817.05,Debit,ATM,Doctor,2
200.19,52.0,108.0,4389.96,Credit,Branch,Retired,0
297.5,73.0,80.0,6768.14,Credit,Branch,Retired,0
345.86,51.0,145.0,1504.6400000000003,Debit,ATM,Retired,3
343.88,63.0,97.0,6486.18,Debit,Online,Retired,0
16.519999999999982,25.0,135.0,835.5299999999997,Credit,Online,Student,1
162.1,41.0,151.0,8576.65,Debit,Branch,Engineer,3
36.120000000000005,22.0,234.0,1593.0299999999997,Debit,Online,Student,1
354.91,74.0,191.0,3872.55,Debit,ATM,Retired,3
38.41,40.0,117.0,9129.68,Debit,ATM,Doctor,2
53.52000000000001,49.0,55.0,2227.49,Debit,Branch,Engineer,0
498.59,57.0,138.0,2619.46,Debit,Online,Retired,3
13.300000000000011,23.0,63.0,213.0,Debit,ATM,Student,1
189.65,21.0,60.0,8457.09,Debit,ATM,Student,0
255.32,80.0,27.0,6290.62,Debit,ATM,Retired,0
230.51,51.0,56.0,9522.37,Credit,Branch,Engineer,0
237.74,61.0,152.0,11795.12,Debit,ATM,Doctor,2
512.76,52.0,26.0,5121.36,Debit,ATM,Doctor,2
151.37,54.0,53.0,8356.08,Debit,ATM,Engineer,0
85.00999999999999,25.0,157.0,1299.4,Credit,ATM,Student,1
444.47,57.0,61.0,6062.94,Debit,Online,Retired,0
184.19,67.0,58.0,7588.67,Debit,ATM,Retired,0
879.25,24.0,137.0,125.85000000000036,Credit,Online,Student,1
55.97999999999999,24.0,87.0,7047.04,Credit,Branch,Student,1
54.91,41.0,275.0,7927.27,Credit,ATM,Engineer,3
913.49125,20.0,139.0,1889.7799999999997,Debit,Online,Student,1
393.74,26.0,90.0,1769.06,Debit,Online,Student,1
58.94,30.0,26.0,4575.98,Debit,Online,Engineer,0
515.57,27.0,56.0,9269.67,Debit,ATM,Engineer,0
332.15,59.0,105.0,9749.46,Debit,ATM,Doctor,2
177.94,19.0,173.0,123.23999999999978,Debit,Online,Student,1
68.68,49.0,141.0,4718.51,Debit,Online,Engineer,0
913.49125,20.0,84.0,1171.9799999999996,Debit,Online,Student,1
240.03,33.0,31.0,7807.73,Debit,Online,Engineer,0
168.34,64.0,240.0,7483.01,Debit,ATM,Retired,3
474.77,46.0,284.0,8494.53,Debit,Online,Engineer,3
451.7,29.0,103.0,8994.67,Debit,Online,Engineer,3
243.85,39.0,43.0,4576.78,Debit,Branch,Engineer,0
5.759999999999991,38.0,164.0,5859.79,Debit,Branch,Engineer,0
435.08,55.0,78.0,2103.41,Debit,Online,Engineer,0
127.78,20.0,170.0,1046.6599999999999,Debit,ATM,Student,1
23.139999999999986,47.0,93.0,10536.54,Credit,Online,Doctor,2
545.87,27.0,41.0,4860.01,Debit,Branch,Engineer,0
21.20999999999998,55.0,37.0,9575.42,Debit,Online,Engineer,0
423.53,50.0,81.0,5453.4,Credit,Branch,Doctor,2
142.1,18.0,109.0,1545.6400000000003,Credit,Online,Student,1
913.49125,58.0,199.0,7272.01,Debit,ATM,Engineer,3
114.15,19.0,52.0,1612.4,Debit,ATM,Student,1
275.98,72.0,67.0,6151.05,Credit,Online,Retired,0
590.68,27.0,23.0,852.1999999999998,Debit,Branch,Student,1
152.42,42.0,176.0,9141.79,Debit,ATM,Doctor,2
395.77,43.0,118.0,6425.99,Credit,Branch,Doctor,2
615.16,26.0,140.0,214.60999999999967,Debit,Online,Student,1
207.82,19.0,30.0,229.02000000000044,Credit,Online,Student,1
220.52,57.0,152.0,1793.0900000000001,Debit,ATM,Retired,0
281.47,34.0,142.0,4437.48,Debit,ATM,Engineer,3
57.91,58.0,97.0,3641.06,Credit,Branch,Engineer,0
30.47999999999999,32.0,78.0,11481.85,Credit,Branch,Doctor,2
913.49125,65.0,180.0,7567.17,Debit,Branch,Retired,3
453.09,48.0,97.0,6708.65,Debit,Branch,Doctor,2
424.47,22.0,116.0,5491.55,Debit,Online,Student,1
228.4,67.0,116.0,9598.43,Debit,ATM,Doctor,2
67.17000000000002,63.0,47.999999999999986,14410.44,Debit,Online,Doctor,2
284.89,53.0,115.0,9738.6,Debit,Online,Doctor,2
118.69,33.0,296.0,749.3400000000001,Debit,Online,Doctor,3
221.33,27.0,276.0,1185.4300000000003,Debit,ATM,Student,1
252.31,26.0,172.0,1584.6,Credit,ATM,Student,1
58.849999999999994,71.0,115.0,1789.8000000000002,Credit,Online,Retired,0
194.68,32.0,165.0,14494.18,Debit,Online,Doctor,2
433.53,38.0,231.0,6368.32,Debit,Branch,Doctor,3
178.26,59.0,59.0,1137.13,Debit,ATM,Retired,0
207.65,34.0,98.0,5143.8,Debit,Online,Engineer,0
237.0,49.0,115.0,14021.4,Debit,Online,Doctor,2
913.49125,28.0,114.0,5946.45,Debit,Online,Student,1
347.63,25.0,272.0,1400.04,Credit,Online,Student,1
517.68,31.0,24.0,11305.81,Debit,ATM,Doctor,2
36.25,52.0,76.0,193.0600000000004,Debit,Branch,Doctor,0
46.53,42.0,34.0,4468.12,Debit,ATM,Engineer,0
207.47,53.0,12.0,1688.9,Debit,ATM,Doctor,0
199.7,43.0,285.0,7574.45,Debit,ATM,Engineer,3
307.89,62.0,90.0,2637.55,Credit,Online,Retired,0
403.63,31.0,167.0,3304.02,Debit,Branch,Engineer,3
20.060000000000002,27.0,144.0,445.21000000000004,Debit,ATM,Student,1
236.57,79.0,112.0,3488.77,Debit,ATM,Retired,0
0.3199999999999932,39.0,136.0,7158.58,Debit,ATM,Engineer,0
14.279999999999973,23.0,81.0,1597.5100000000002,Debit,ATM,Student,1
232.35,33.0,153.0,4186.25,Credit,Branch,Engineer,3
317.53,44.0,104.0,6237.68,Debit,Online,Engineer,0
74.67000000000002,43.0,283.0,3449.35,Debit,ATM,Engineer,3
65.00999999999999,29.0,67.0,10235.19,Credit,Online,Doctor,2
0.44999999999998863,34.0,172.0,8670.23,Debit,Branch,Engineer,0
364.13,63.0,61.0,8198.0,Debit,ATM,Doctor,2
340.13,24.0,32.0,1149.7400000000002,Debit,Branch,Student,1
15.810000000000002,69.0,11.0,8384.85,Debit,Branch,Doctor,2
222.66,39.0,88.0,14466.38,Debit,Online,Doctor,2
638.24,48.0,64.0,5695.78,Debit,Branch,Engineer,0
241.21,31.0,108.0,1220.8599999999997,Debit,ATM,Engineer,0
171.16,51.0,42.0,6126.5,Debit,Online,Retired,0
913.49125,29.0,118.0,2861.65,Debit,Branch,Engineer,3
37.650000000000006,27.0,109.0,411.77999999999975,Credit,Online,Student,1
25.769999999999982,68.0,18.0,4331.54,Debit,Online,Retired,0
789.8,40.0,94.0,13948.09,Debit,ATM,Doctor,2
308.85,20.0,33.0,333.1899999999996,Credit,Branch,Student,1
913.49125,27.0,20.0,1189.0300000000002,Debit,ATM,Student,1
806.97,25.0,11.0,102.19999999999982,Debit,Online,Student,1
364.81,25.0,53.0,1145.23,Debit,Online,Student,1
490.82,26.0,114.0,8704.27,Debit,ATM,Engineer,3
913.49125,61.0,125.0,6223.26,Debit,Branch,Doctor,3
311.28,49.0,198.0,135.96000000000004,Debit,Branch,Doctor,3
85.03,51.0,47.999999999999986,4597.57,Debit,ATM,Retired,0
307.75,64.0,63.0,1061.5799999999995,Debit,Branch,Doctor,0
333.67,36.0,68.0,9238.08,Debit,Online,Engineer,0
589.89,56.0,213.0,9404.63,Debit,Branch,Engineer,3
372.08,66.0,63.0,13330.74,Debit,Branch,Doctor,2
502.9,26.0,141.0,341.2399999999998,Credit,Online,Student,1
103.81,36.0,34.0,7044.63,Debit,ATM,Doctor,0
69.43,30.0,162.0,9281.85,Debit,ATM,Engineer,3
110.4,56.0,62.0,8639.36,Credit,ATM,Doctor,2
275.65,28.0,14.0,4957.57,Credit,Branch,Engineer,0
336.01,63.0,121.0,9938.2,Debit,Online,Doctor,2
251.8,62.0,102.0,11796.66,Debit,ATM,Doctor,2
334.07,59.0,200.0,7306.79,Debit,Branch,Engineer,3
52.44,27.0,87.0,3157.75,Debit,Online,Student,1
913.49125,25.0,39.0,1941.8000000000002,Debit,ATM,Student,1
141.37,46.0,77.0,1019.7699999999995,Debit,Online,Engineer,0
211.7,50.0,205.0,12272.78,Credit,Online,Doctor,2
61.400000000000006,41.0,20.0,7892.87,Debit,Branch,Engineer,0
308.23,60.0,23.0,4150.63,Debit,ATM,Retired,0
111.41,21.0,181.0,1204.1099999999992,Debit,Branch,Student,1
675.49,61.0,159.0,1893.0,Debit,ATM,Retired,3
29.72,26.0,38.0,1059.6199999999994,Debit,ATM,Student,1
301.73,67.0,163.0,990.7399999999998,Debit,Online,Doctor,3
294.61,60.0,74.0,7375.59,Debit,Branch,Retired,0
106.43,52.0,164.0,9403.12,Credit,ATM,Engineer,2
381.52,36.0,79.0,5798.92,Debit,Online,Doctor,0
913.49125,25.0,71.0,1498.9300000000003,Credit,Online,Student,1
5.660000000000025,40.0,33.0,5434.64,Debit,Branch,Engineer,0
209.09,48.0,203.0,9100.81,Debit,ATM,Doctor,2
521.81,47.0,34.0,4750.96,Debit,ATM,Engineer,0
588.36,33.0,134.0,8434.99,Debit,Online,Engineer,3
146.67,20.0,273.0,1569.75,Debit,Online,Student,1
176.52,73.0,94.0,7132.08,Credit,Online,Retired,0
57.34,27.0,81.0,1100.6400000000003,Debit,Online,Student,1
294.77,77.0,101.0,2272.17,Debit,Online,Retired,0
881.3200000000002,31.0,59.0,2287.93,Debit,Online,Engineer,3
162.59,64.0,19.0,7104.83,Debit,Branch,Retired,0
56.150000000000006,31.0,77.0,13265.92,Debit,Branch,Doctor,2
524.55,39.0,175.0,8292.75,Debit,ATM,Doctor,3
535.4,23.0,110.0,651.8400000000001,Debit,Branch,Student,1
56.84,45.0,185.0,7977.78,Debit,ATM,Engineer,3
135.94,71.0,258.0,4710.21,Debit,Branch,Retired,3
47.099999999999994,42.0,178.0,6308.07,Credit,Branch,Doctor,2
124.05000000000001,61.0,220.0,7009.54,Credit,Branch,Doctor,2
802.8900000000001,19.0,175.0,1973.63,Debit,ATM,Student,1
193.16,64.0,109.0,2304.56,Debit,ATM,Retired,0
541.52,48.0,161.0,6087.24,Credit,Branch,Engineer,3
20.170000000000016,77.0,86.0,3869.37,Debit,ATM,Retired,0
35.97999999999999,40.0,133.0,11147.34,Credit,Branch,Doctor,2
273.24,51.0,173.0,2202.21,Debit,Branch,Retired,3
663.45,67.0,147.0,5897.29,Debit,ATM,Retired,3
343.86,57.0,70.0,3278.65,Debit,Branch,Engineer,0
69.38,69.0,280.0,12072.11,Debit,Branch,Doctor,2
75.43,77.0,266.0,1441.8599999999997,Debit,ATM,Retired,3
414.64,32.0,74.0,7253.22,Debit,Branch,Doctor,2
86.79000000000002,33.0,166.0,8795.37,Debit,Branch,Doctor,2
913.49125,34.0,36.0,2636.32,Debit,ATM,Engineer,3
14.100000000000023,45.0,73.0,6949.21,Debit,Branch,Engineer,0
63.329999999999984,23.0,124.0,792.3299999999999,Credit,Branch,Student,1
606.27,29.0,42.0,9668.78,Debit,Branch,Doctor,2
4.470000000000027,27.0,132.0,1381.75,Debit,Branch,Student,1
289.01,66.0,96.0,4226.26,Debit,Online,Retired,0
338.69,18.0,169.0,1137.8899999999999,Debit,Branch,Student,1
97.73000000000002,69.0,156.0,7885.21,Debit,Branch,Doctor,2
913.49125,20.0,104.0,9427.06,Debit,ATM,Student,3
27.610000000000014,54.0,26.0,3679.64,Credit,ATM,Retired,0
284.17,51.0,189.0,3479.56,Debit,ATM,Retired,3
76.20999999999998,22.0,69.0,664.9300000000003,Debit,Branch,Student,1
334.79,69.0,292.0,624.0900000000001,Credit,Branch,Doctor,3
584.51,74.0,76.0,3254.56,Debit,ATM,Retired,0
432.18,18.0,162.0,678.8299999999999,Debit,Branch,Student,1
134.55,59.0,165.0,14852.42,Debit,Online,Doctor,2
61.66,26.0,86.0,5705.4,Debit,ATM,Student,1
12.350000000000023,25.0,22.0,1846.85,Debit,Branch,Student,1
213.25,25.0,63.0,677.79,Debit,Branch,Student,1
34.93000000000001,31.0,72.0,2810.37,Debit,Branch,Engineer,0
913.49125,67.0,36.0,10631.43,Debit,Branch,Doctor,2
335.68,24.0,142.0,1188.9499999999998,Debit,Online,Student,1
423.96,43.0,75.0,8374.38,Debit,ATM,Doctor,2
361.38,72.0,71.0,4972.92,Credit,Online,Retired,0
220.82,42.0,31.0,4298.13,Debit,Branch,Engineer,0
717.36,22.0,138.0,514.8800000000001,Credit,Online,Student,1
406.12,42.0,106.0,10501.53,Debit,ATM,Doctor,2
427.83,47.0,29.0,3293.06,Debit,ATM,Engineer,0
416.62,26.0,67.0,9700.9,Credit,Online,Student,0
21.899999999999977,28.0,30.0,1052.27,Debit,ATM,Student,1
717.74,42.0,168.0,8375.16,Credit,Online,Engineer,3
393.68,55.0,141.0,10135.88,Debit,ATM,Doctor,2
281.91,25.0,269.0,225.52999999999975,Debit,Branch,Student,1
239.85,70.0,50.0,1477.63,Debit,ATM,Retired,0
237.84,26.0,16.0,8932.39,Debit,Branch,Student,0
459.29,64.0,109.0,1006.1199999999999,Credit,Online,Retired,0
196.49,41.0,65.0,7516.56,Debit,Branch,Engineer,0
21.230000000000018,23.0,103.0,319.1800000000003,Debit,ATM,Student,1
95.23000000000002,20.0,60.0,966.8800000000001,Debit,Online,Student,1
344.87,58.0,25.0,7447.44,Debit,Branch,Retired,0
129.62,23.0,124.0,620.2799999999997,Credit,ATM,Student,1
16.53000000000003,21.0,220.0,707.9499999999998,Debit,ATM,Student,1
277.02,46.0,227.0,8586.38,Credit,ATM,Doctor,3
13.019999999999982,51.0,42.0,6076.45,Debit,Branch,Doctor,0
199.02,22.0,185.0,793.6300000000001,Debit,ATM,Student,1
684.5,29.0,76.0,6258.63,Debit,Branch,Doctor,3
913.49125,61.0,61.0,10456.24,Credit,Online,Doctor,2
45.920000000000016,26.0,23.0,544.5599999999995,Debit,ATM,Student,1
761.73,19.0,27.0,151.27999999999975,Debit,ATM,Student,1
331.38,42.0,122.0,844.5500000000002,Debit,ATM,Engineer,0
602.8,60.0,173.0,7417.69,Debit,Branch,Retired,3
64.12,57.0,222.0,1029.0900000000001,Credit,Branch,Doctor,3
57.379999999999995,28.0,86.0,899.5200000000004,Debit,Online,Student,1
94.63999999999999,28.0,144.0,586.7600000000002,Credit,ATM,Student,1
155.56,19.0,64.0,129.78999999999996,Credit,Branch,Student,1
301.39,47.0,104.0,10548.58,Credit,Online,Doctor,2
136.31,74.0,65.0,4384.95,Debit,Online,Retired,0
4.389999999999986,26.0,63.0,1429.6099999999997,Debit,ATM,Student,1
429.25,29.0,107.0,5019.68,Debit,Online,Engineer,0
138.54,60.0,93.0,8274.77,Credit,Branch,Engineer,2
33.03,21.0,28.0,935.8800000000001,Debit,Branch,Student,1
76.38999999999999,30.0,80.0,11584.32,Debit,Online,Doctor,2
25.319999999999993,19.0,25.0,1642.3400000000001,Debit,ATM,Student,1
330.91,36.0,28.0,6481.35,Debit,ATM,Engineer,0
153.55,37.0,16.0,5619.91,Debit,Online,Doctor,0
217.61,27.0,120.0,1661.1,Debit,Online,Student,1
131.69,53.0,59.0,2958.43,Credit,Branch,Engineer,0
913.49125,60.0,84.0,3506.11,Debit,Online,Retired,3
68.49000000000001,67.0,49.0,6683.31,Debit,Online,Retired,0
913.49125,69.0,151.0,1619.1599999999999,Debit,ATM,Retired,3
470.62,57.0,127.0,12470.62,Debit,Branch,Doctor,2
385.35,38.0,269.0,5184.13,Debit,Branch,Doctor,3
74.72,26.0,132.0,165.75,Debit,Online,Student,1
352.03,27.0,219.0,4846.68,Credit,Online,Student,1
275.87,25.0,112.0,1697.58,Debit,ATM,Student,1
90.94,63.0,56.0,3896.08,Credit,ATM,Retired,0
206.25,74.0,56.0,3651.07,Debit,ATM,Retired,0
116.75999999999999,51.0,212.0,4480.43,Debit,ATM,Engineer,3
91.5,47.0,77.0,667.6599999999999,Debit,ATM,Doctor,0
489.31,43.0,36.0,5595.22,Debit,Branch,Engineer,0
913.49125,18.0,65.0,1588.31,Debit,Branch,Student,1
414.49,58.0,108.0,12709.58,Credit,Online,Doctor,2
315.13,30.0,143.0,6570.94,Debit,Branch,Engineer,3
28.379999999999995,45.0,260.0,8892.62,Debit,Branch,Doctor,3
456.05,68.0,20.0,11729.51,Debit,Branch,Doctor,2
277.22,35.0,41.0,12104.51,Debit,Branch,Doctor,2
54.84,52.0,124.0,3495.51,Debit,Online,Retired,0
29.920000000000044,68.0,63.0,7855.01,Credit,Online,Doctor,2
133.06,35.0,143.0,8843.44,Debit,Online,Engineer,0
332.06,29.0,221.0,11826.52,Debit,ATM,Doctor,3
14.339999999999975,67.0,24.0,7932.51,Credit,Online,Retired,0
468.32,69.0,152.0,4710.04,Debit,Online,Retired,3
582.17,57.0,135.0,7310.83,Debit,Branch,Engineer,3
245.62,23.0,127.0,1879.8199999999997,Debit,Branch,Student,1
913.49125,43.0,112.0,9018.33,Credit,Online,Doctor,3
83.6,47.0,192.0,13899.24,Debit,ATM,Doctor,2
331.22,61.0,161.0,12613.25,Credit,Branch,Doctor,2
57.49000000000001,24.0,177.0,765.1499999999996,Credit,Online,Student,1
85.57999999999998,55.0,60.0,7794.84,Debit,ATM,Engineer,0
157.56,43.0,159.0,7541.16,Debit,Branch,Doctor,2
230.3,46.0,24.0,8356.88,Debit,Online,Engineer,0
305.92,72.0,88.0,1445.4700000000003,Debit,ATM,Retired,0
913.49125,35.0,29.0,5141.32,Debit,Online,Engineer,0
116.32999999999998,27.0,144.0,1696.15,Debit,Branch,Student,1
537.71,19.0,175.0,1806.08,Credit,Online,Student,1
538.17,27.0,252.0,5908.04,Credit,Branch,Engineer,3
219.44,42.0,23.0,4207.27,Debit,Online,Engineer,0
61.620000000000005,57.0,19.0,8365.37,Debit,Online,Doctor,2
58.77000000000001,27.0,191.0,7261.7,Debit,Online,Engineer,3
538.13,62.0,165.0,5008.59,Debit,ATM,Retired,3
177.05,24.0,235.0,4287.82,Debit,Branch,Student,1
403.01,63.0,286.0,10513.52,Debit,Online,Doctor,3
719.76,19.0,190.0,690.5200000000004,Debit,Branch,Student,1
163.22,26.0,217.0,1788.27,Debit,Online,Student,1
242.85,42.0,93.0,4672.8,Debit,Online,Engineer,0
291.22,41.0,100.0,3677.63,Credit,Online,Engineer,0
56.52000000000001,42.0,152.0,6911.2,Debit,ATM,Engineer,0
195.8,39.0,186.0,12027.68,Debit,Online,Doctor,2
66.75999999999999,36.0,44.0,184.72000000000025,Credit,Branch,Doctor,0
190.9,28.0,40.000000000000014,101.25,Debit,Online,Student,1
106.99000000000001,38.0,152.0,5771.4,Debit,Branch,Engineer,0
655.81,55.0,164.0,4539.99,Debit,ATM,Retired,3
107.1,25.0,175.0,193.80000000000018,Credit,Online,Student,1
79.92000000000002,44.0,274.0,9138.76,Debit,ATM,Engineer,3
430.83,18.0,292.0,941.4899999999998,Debit,Branch,Student,1
235.34,26.0,68.0,566.8299999999999,Debit,Branch,Student,1
86.35,52.0,24.0,1550.48,Credit,Branch,Retired,0
337.99,70.0,115.0,9038.63,Debit,ATM,Doctor,2
577.13,40.0,66.0,6640.51,Credit,Branch,Engineer,0
213.33,52.0,161.0,5400.44,Debit,ATM,Retired,3
54.52000000000001,32.0,164.0,6980.98,Debit,Branch,Doctor,2
100.13,57.0,168.0,5209.16,Debit,Branch,Doctor,2
883.9200000000001,53.0,129.0,2342.64,Credit,Online,Retired,3
69.80000000000001,27.0,138.0,136.77000000000044,Credit,Branch,Student,1
768.94,64.0,53.0,6860.18,Debit,Branch,Retired,0
179.62,24.0,119.0,409.2600000000002,Debit,Online,Student,1
425.91,23.0,47.0,383.5799999999999,Debit,ATM,Student,1
263.34,64.0,55.0,2411.02,Debit,ATM,Retired,0
113.03,36.0,12.0,6756.13,Credit,Online,Doctor,0
11.019999999999982,42.0,42.0,7879.66,Debit,Online,Doctor,2
865.1700000000001,24.0,161.0,9297.5,Debit,Branch,Student,3
152.0,51.0,63.0,7531.43,Debit,ATM,Engineer,0
270.39,25.0,104.0,899.1499999999996,Debit,ATM,Student,1
246.41,54.0,23.0,1431.6,Debit,ATM,Retired,0
336.84,22.0,100.0,4500.26,Debit,ATM,Student,1
261.45,50.0,96.0,6735.74,Credit,Online,Engineer,0
99.98000000000002,73.0,152.0,3037.97,Credit,Online,Retired,0
400.69,32.0,26.0,9040.33,Debit,Online,Engineer,0
411.47,26.0,120.0,796.6300000000001,Debit,ATM,Student,1
204.63,52.0,92.0,9199.52,Debit,Online,Engineer,0
421.56,53.0,144.0,8037.87,Debit,Online,Engineer,3
193.38,18.0,285.0,1081.79,Debit,ATM,Student,1
377.04,34.0,64.0,3812.87,Debit,ATM,Engineer,0
54.099999999999994,28.0,17.0,940.9099999999999,Credit,Branch,Engineer,0
18.100000000000023,57.0,66.0,6474.34,Debit,ATM,Retired,0
408.62,48.0,159.0,2498.48,Credit,Online,Engineer,3
162.1,64.0,221.0,9578.74,Debit,Branch,Doctor,2
165.31,49.0,28.0,7346.66,Debit,ATM,Doctor,2
267.48,21.0,159.0,811.8599999999997,Debit,ATM,Student,1
856.9000000000001,36.0,150.0,8579.69,Debit,Branch,Engineer,3
433.9,65.0,37.0,9013.1,Debit,Online,Doctor,2
271.22,45.0,87.0,6863.02,Credit,ATM,Doctor,2
307.68,75.0,162.0,2052.84,Credit,Online,Retired,3
348.17,21.0,181.0,1887.8400000000001,Debit,ATM,Student,1
43.099999999999994,25.0,102.0,6944.9,Debit,Branch,Student,1
557.78,26.0,102.0,1289.48,Credit,Branch,Student,1
325.6,69.0,88.0,13777.1,Debit,ATM,Doctor,2
235.83,53.0,169.0,4120.75,Credit,Online,Engineer,3
603.54,44.0,26.0,10517.47,Debit,Online,Doctor,2
270.25,31.0,42.0,5414.97,Debit,ATM,Engineer,0
123.38,59.0,40.000000000000014,13542.41,Debit,Online,Doctor,2
577.12,39.0,69.0,5265.88,Debit,ATM,Engineer,0
92.24000000000001,60.0,93.0,6937.48,Debit,Branch,Engineer,0
856.21,33.0,109.0,12690.79,Credit,Branch,Doctor,2
251.54,48.0,177.0,254.75,Debit,Branch,Doctor,3
28.629999999999995,56.0,146.0,3382.91,Debit,Branch,Retired,0
185.97,23.0,19.0,1776.9099999999999,Debit,Online,Student,1
243.08,24.0,93.0,131.25,Credit,Online,Student,1
